{
	"providers": [
		{
			"type": "bitmap",
			"file": "minecraft:icons/nether_star.png",
			"height": 7,
			"ascent": 7,
			"chars": [
				"洳"
			]
		},
		{
			"type": "bitmap",
			"file": "minecraft:icons/name_tag.png",
			"height": 9,
			"ascent": 9,
			"chars": [
				"煵"
			]
		},
		{
			"type": "bitmap",
			"file": "minecraft:icons/discord.png",
			"height": 7,
			"ascent": 7,
			"chars": [
				"田"
			]
		},
		{
			"type": "bitmap",
			"file": "minecraft:icons/clock.png",
			"height": 7,
			"ascent": 7,
			"chars": [
				"煱"
			]
		},
		{
			"type": "bitmap",
			"file": "minecraft:icons/emerald.png",
			"height": 7,
			"ascent": 7,
			"chars": [
				"둻"
			]
		},
		{
			"type": "bitmap",
			"file": "minecraft:icons/money.png",
			"height": 7,
			"ascent": 7,
			"chars": [
				"睤"
			]
		},
		{
			"type": "bitmap",
			"file": "minecraft:icons/repeater.png",
			"height": 7,
			"ascent": 7,
			"chars": [
				"椹"
			]
		},
		{
			"type": "bitmap",
			"file": "minecraft:icons/signo.png",
			"height": 20,
			"ascent": 20,
			"chars": [
				"頹"
			]
		},
		{
			"type": "bitmap",
			"file": "minecraft:icons/signo2.png",
			"height": 20,
			"ascent": 20,
			"chars": [
				"衙"
			]
		},
		{
			"type": "bitmap",
			"file": "minecraft:icons/grass.png",
			"height":7,
			"ascent": 7,
			"chars": [
				"煪"
			]
		},
		{
			"type": "bitmap",
			"file": "minecraft:icons/cake.png",
			"height":7,
			"ascent": 7,
			"chars": [
				"㍱"
			]
		},
		{
			"type": "bitmap",
			"file": "minecraft:icons/lamp.png",
			"height":7,
			"ascent": 7,
			"chars": [
				"從"
			]
		},
		{
			"type": "bitmap",
			"file": "minecraft:icons/arrow.png",
			"height": 9,
			"ascent": 9,
			"chars": [
				"橱"
			]
		},
		{
			"type": "bitmap",
			"file": "minecraft:icons/steve.png",
			"height": 8,
			"ascent": 8,
			"chars": [
				"浳"
			]
		},
		{
			"type": "bitmap",
			"file": "minecraft:icons/barrier.png",
			"height": 8,
			"ascent": 8,
			"chars": [
				"浤"
			]
	
		},
		{
			"type": "bitmap",
			"file": "minecraft:icons/redstone.png",
			"height": 8,
			"ascent": 8,
			"chars": [
				"煤"
			]
		},
		{
			"type": "bitmap",
			"file": "minecraft:icons/portal.png",
			"height": 8,
			"ascent": 8,
			"chars": [
				"洳"
			]
		},
		{
			"type": "bitmap",
			"file": "minecraft:icons/title.png",
			"height": 22,
			"ascent": 16,
			"chars": [
				"頁"
			]
		},
		{
			"type": "bitmap",
			"file": "minecraft:icons/luxcube.png",
			"height": 22,
			"ascent": 16,
			"chars": [
				"設"
			]
		}
	]
}