{
    "parent": "minecraft:item/generated",
    "textures": {
        "layer0": "minecraft:item/map"
    },
	"overrides": [
		{"predicate": {"custom_model_data":1}, "model": "item/gui/shop-blocks"},
		{"predicate": {"custom_model_data":2}, "model": "minecraft:item/map"},
		{"predicate": {"custom_model_data":31}, "model": "item/gui/shop-food"},
		{"predicate": {"custom_model_data":32}, "model": "item/gui/shop-minerals"},
		{"predicate": {"custom_model_data":33}, "model": "item/gui/shop-redstone"},	
		{"predicate": {"custom_model_data":34}, "model": "item/gui/warps"}
	]
}
