{"credit":"Fait avec Blockbench par Keepros pour HistoryLand.  Tout droits réservés.","textures":{"0":"block/spruce_planks","1":"block/black_shulker_box","particle":"block/spruce_planks"},"elements":[{"from":[-13.7,7.2,0.4],"to":[29.4,8.2,1.1],"rotation":{"angle":0,"axis":"y","origin":[8,15.2,-6.9]},"faces":{"north":{"uv":[0,8,16,15.7],"rotation":180,"texture":"#0"},"east":{"uv":[0,8,16,15.7],"rotation":180,"texture":"#0"},"south":{"uv":[0,8,16,15.7],"rotation":180,"texture":"#0"},"west":{"uv":[0,8,16,15.7],"rotation":180,"texture":"#0"},"up":{"uv":[0,8,16,15.7],"rotation":180,"texture":"#0"},"down":{"uv":[0,8,16,15.7],"rotation":180,"texture":"#0"}}},{"from":[-13.7,11.61163,8.58787],"to":[29.4,12.61163,9.28787],"rotation":{"angle":45,"axis":"x","origin":[8,19.61163,1.28787]},"faces":{"north":{"uv":[0,8,16,15.7],"rotation":180,"texture":"#0"},"east":{"uv":[0,8,16,15.7],"rotation":180,"texture":"#0"},"south":{"uv":[0,8,16,15.7],"rotation":180,"texture":"#0"},"west":{"uv":[0,8,16,15.7],"rotation":180,"texture":"#0"},"up":{"uv":[0,8,16,15.7],"rotation":180,"texture":"#0"},"down":{"uv":[0,8,16,15.7],"rotation":180,"texture":"#0"}}},{"from":[-13.7,9.01163,2.18787],"to":[29.4,9.71163,3.18787],"rotation":{"angle":0,"axis":"y","origin":[8,17.01163,10.18787]},"faces":{"north":{"uv":[0,8,16,15.7],"texture":"#0"},"east":{"uv":[0,8,16,15.7],"texture":"#0"},"south":{"uv":[0,8,16,15.7],"texture":"#0"},"west":{"uv":[0,8,16,15.7],"texture":"#0"},"up":{"uv":[0,8,16,15.7],"texture":"#0"},"down":{"uv":[0,8,16,15.7],"texture":"#0"}}},{"from":[-13.7,9.01163,3.48787],"to":[29.4,9.71163,4.48787],"rotation":{"angle":0,"axis":"y","origin":[8,17.01163,11.48787]},"faces":{"north":{"uv":[0,8,16,15.7],"texture":"#0"},"east":{"uv":[0,8,16,15.7],"texture":"#0"},"south":{"uv":[0,8,16,15.7],"texture":"#0"},"west":{"uv":[0,8,16,15.7],"texture":"#0"},"up":{"uv":[0,8,16,15.7],"texture":"#0"},"down":{"uv":[0,8,16,15.7],"texture":"#0"}}},{"from":[-13.7,5.36163,7.23787],"to":[29.4,6.06163,8.23787],"rotation":{"angle":22.5,"axis":"x","origin":[8,13.36163,15.23787]},"faces":{"north":{"uv":[0,8,16,15.7],"texture":"#0"},"east":{"uv":[0,8,16,15.7],"texture":"#0"},"south":{"uv":[0,8,16,15.7],"texture":"#0"},"west":{"uv":[0,8,16,15.7],"texture":"#0"},"up":{"uv":[0,8,16,15.7],"texture":"#0"},"down":{"uv":[0,8,16,15.7],"texture":"#0"}}},{"from":[-13.7,4.86163,8.43787],"to":[29.4,5.56163,9.43787],"rotation":{"angle":22.5,"axis":"x","origin":[8,12.86163,16.43787]},"faces":{"north":{"uv":[0,8,16,15.7],"texture":"#0"},"east":{"uv":[0,8,16,15.7],"texture":"#0"},"south":{"uv":[0,8,16,15.7],"texture":"#0"},"west":{"uv":[0,8,16,15.7],"texture":"#0"},"up":{"uv":[0,8,16,15.7],"texture":"#0"},"down":{"uv":[0,8,16,15.7],"texture":"#0"}}},{"from":[-13.7,4.36163,9.68787],"to":[29.4,5.06163,10.68787],"rotation":{"angle":22.5,"axis":"x","origin":[8,12.36163,17.68787]},"faces":{"north":{"uv":[0,8,16,15.7],"texture":"#0"},"east":{"uv":[0,8,16,15.7],"texture":"#0"},"south":{"uv":[0,8,16,15.7],"texture":"#0"},"west":{"uv":[0,8,16,15.7],"texture":"#0"},"up":{"uv":[0,8,16,15.7],"texture":"#0"},"down":{"uv":[0,8,16,15.7],"texture":"#0"}}},{"from":[-13.7,7.61163,8.63787],"to":[29.4,8.31163,9.63787],"rotation":{"angle":0,"axis":"y","origin":[8,15.61163,16.63787]},"faces":{"north":{"uv":[0,8,16,15.7],"texture":"#0"},"east":{"uv":[0,8,16,15.7],"texture":"#0"},"south":{"uv":[0,8,16,15.7],"texture":"#0"},"west":{"uv":[0,8,16,15.7],"texture":"#0"},"up":{"uv":[0,8,16,15.7],"texture":"#0"},"down":{"uv":[0,8,16,15.7],"texture":"#0"}}},{"from":[-13.7,7.61163,9.83787],"to":[29.4,8.31163,10.83787],"rotation":{"angle":0,"axis":"y","origin":[8,15.61163,17.83787]},"faces":{"north":{"uv":[0,8,16,15.7],"texture":"#0"},"east":{"uv":[0,8,16,15.7],"texture":"#0"},"south":{"uv":[0,8,16,15.7],"texture":"#0"},"west":{"uv":[0,8,16,15.7],"texture":"#0"},"up":{"uv":[0,8,16,15.7],"texture":"#0"},"down":{"uv":[0,8,16,15.7],"texture":"#0"}}},{"from":[-13.7,10.11163,7.63787],"to":[29.4,10.81163,8.63787],"rotation":{"angle":-22.5,"axis":"x","origin":[8,18.11163,15.63787]},"faces":{"north":{"uv":[0,8,16,15.7],"texture":"#0"},"east":{"uv":[0,8,16,15.7],"texture":"#0"},"south":{"uv":[0,8,16,15.7],"texture":"#0"},"west":{"uv":[0,8,16,15.7],"texture":"#0"},"up":{"uv":[0,8,16,15.7],"texture":"#0"},"down":{"uv":[0,8,16,15.7],"texture":"#0"}}},{"from":[-13.7,10.91163,15.73787],"to":[29.4,11.91163,16.43787],"rotation":{"angle":22.5,"axis":"x","origin":[8,18.91163,8.43787]},"faces":{"north":{"uv":[0,8,16,15.7],"rotation":180,"texture":"#0"},"east":{"uv":[0,8,16,15.7],"rotation":180,"texture":"#0"},"south":{"uv":[0,8,16,15.7],"rotation":180,"texture":"#0"},"west":{"uv":[0,8,16,15.7],"rotation":180,"texture":"#0"},"up":{"uv":[0,8,16,15.7],"rotation":180,"texture":"#0"},"down":{"uv":[0,8,16,15.7],"rotation":180,"texture":"#0"}}},{"from":[-13.7,15.31163,17.43787],"to":[29.4,16.31163,18.13787],"rotation":{"angle":22.5,"axis":"x","origin":[8,23.31163,10.13787]},"faces":{"north":{"uv":[0,8,16,15.7],"rotation":180,"texture":"#0"},"east":{"uv":[0,8,16,15.7],"rotation":180,"texture":"#0"},"south":{"uv":[0,8,16,15.7],"rotation":180,"texture":"#0"},"west":{"uv":[0,8,16,15.7],"rotation":180,"texture":"#0"},"up":{"uv":[0,8,16,15.7],"rotation":180,"texture":"#0"},"down":{"uv":[0,8,16,15.7],"rotation":180,"texture":"#0"}}},{"from":[-13.7,12.01163,16.23787],"to":[29.4,13.01163,16.93787],"rotation":{"angle":22.5,"axis":"x","origin":[8,20.01163,8.93787]},"faces":{"north":{"uv":[0,8,16,15.7],"rotation":180,"texture":"#0"},"east":{"uv":[0,8,16,15.7],"rotation":180,"texture":"#0"},"south":{"uv":[0,8,16,15.7],"rotation":180,"texture":"#0"},"west":{"uv":[0,8,16,15.7],"rotation":180,"texture":"#0"},"up":{"uv":[0,8,16,15.7],"rotation":180,"texture":"#0"},"down":{"uv":[0,8,16,15.7],"rotation":180,"texture":"#0"}}},{"from":[-13.7,16.41163,17.93787],"to":[29.4,17.41163,18.63787],"rotation":{"angle":22.5,"axis":"x","origin":[8,24.41163,10.63787]},"faces":{"north":{"uv":[0,8,16,15.7],"rotation":180,"texture":"#0"},"east":{"uv":[0,8,16,15.7],"rotation":180,"texture":"#0"},"south":{"uv":[0,8,16,15.7],"rotation":180,"texture":"#0"},"west":{"uv":[0,8,16,15.7],"rotation":180,"texture":"#0"},"up":{"uv":[0,8,16,15.7],"rotation":180,"texture":"#0"},"down":{"uv":[0,8,16,15.7],"rotation":180,"texture":"#0"}}},{"from":[-13.7,13.11163,16.63787],"to":[29.4,14.11163,17.33787],"rotation":{"angle":22.5,"axis":"x","origin":[8,21.11163,9.33787]},"faces":{"north":{"uv":[0,8,16,15.7],"rotation":180,"texture":"#0"},"east":{"uv":[0,8,16,15.7],"rotation":180,"texture":"#0"},"south":{"uv":[0,8,16,15.7],"rotation":180,"texture":"#0"},"west":{"uv":[0,8,16,15.7],"rotation":180,"texture":"#0"},"up":{"uv":[0,8,16,15.7],"rotation":180,"texture":"#0"},"down":{"uv":[0,8,16,15.7],"rotation":180,"texture":"#0"}}},{"from":[-13.7,17.51163,18.43787],"to":[29.4,18.51163,19.13787],"rotation":{"angle":22.5,"axis":"x","origin":[8,25.51163,11.13787]},"faces":{"north":{"uv":[0,8,16,15.7],"rotation":180,"texture":"#0"},"east":{"uv":[0,8,16,15.7],"rotation":180,"texture":"#0"},"south":{"uv":[0,8,16,15.7],"rotation":180,"texture":"#0"},"west":{"uv":[0,8,16,15.7],"rotation":180,"texture":"#0"},"up":{"uv":[0,8,16,15.7],"rotation":180,"texture":"#0"},"down":{"uv":[0,8,16,15.7],"rotation":180,"texture":"#0"}}},{"from":[-13.7,14.21163,17.03787],"to":[29.4,15.21163,17.73787],"rotation":{"angle":22.5,"axis":"x","origin":[8,22.21163,9.73787]},"faces":{"north":{"uv":[0,8,16,15.7],"rotation":180,"texture":"#0"},"east":{"uv":[0,8,16,15.7],"rotation":180,"texture":"#0"},"south":{"uv":[0,8,16,15.7],"rotation":180,"texture":"#0"},"west":{"uv":[0,8,16,15.7],"rotation":180,"texture":"#0"},"up":{"uv":[0,8,16,15.7],"rotation":180,"texture":"#0"},"down":{"uv":[0,8,16,15.7],"rotation":180,"texture":"#0"}}},{"from":[-13.7,18.61163,18.83787],"to":[29.4,19.61163,19.53787],"rotation":{"angle":22.5,"axis":"x","origin":[8,26.61163,11.53787]},"faces":{"north":{"uv":[0,8,16,15.7],"rotation":180,"texture":"#0"},"east":{"uv":[0,8,16,15.7],"rotation":180,"texture":"#0"},"south":{"uv":[0,8,16,15.7],"rotation":180,"texture":"#0"},"west":{"uv":[0,8,16,15.7],"rotation":180,"texture":"#0"},"up":{"uv":[0,8,16,15.7],"rotation":180,"texture":"#0"},"down":{"uv":[0,8,16,15.7],"rotation":180,"texture":"#0"}}},{"from":[-13.7,20.46163,23.58787],"to":[29.4,21.46163,24.28787],"rotation":{"angle":45,"axis":"x","origin":[8,28.46163,16.28787]},"faces":{"north":{"uv":[0,8,16,15.7],"rotation":180,"texture":"#0"},"east":{"uv":[0,8,16,15.7],"rotation":180,"texture":"#0"},"south":{"uv":[0,8,16,15.7],"rotation":180,"texture":"#0"},"west":{"uv":[0,8,16,15.7],"rotation":180,"texture":"#0"},"up":{"uv":[0,8,16,15.7],"rotation":180,"texture":"#0"},"down":{"uv":[0,8,16,15.7],"rotation":180,"texture":"#0"}}},{"from":[-13.7,20.36163,13.38787],"to":[29.4,21.06163,14.38787],"rotation":{"angle":-22.5,"axis":"x","origin":[8,28.36163,21.38787]},"faces":{"north":{"uv":[0,8,16,15.7],"texture":"#0"},"east":{"uv":[0,8,16,15.7],"texture":"#0"},"south":{"uv":[0,8,16,15.7],"texture":"#0"},"west":{"uv":[0,8,16,15.7],"texture":"#0"},"up":{"uv":[0,8,16,15.7],"texture":"#0"},"down":{"uv":[0,8,16,15.7],"texture":"#0"}}},{"from":[-8.7,4.28869,15.11994],"to":[-7,14.18869,15.61994],"rotation":{"angle":22.5,"axis":"x","origin":[-0.7,12.78869,23.11994]},"faces":{"north":{"uv":[3,3.1,13,13.1],"texture":"#1"},"east":{"uv":[3,3.1,13,13.1],"texture":"#1"},"south":{"uv":[3,3.1,13,13.1],"texture":"#1"},"west":{"uv":[3,3.1,13,13.1],"texture":"#1"},"up":{"uv":[3,3.1,13,13.1],"texture":"#1"},"down":{"uv":[3,3.1,13,13.1],"texture":"#1"}}},{"from":[-8.7,10.72521,15.75999],"to":[-7,11.72521,16.25999],"rotation":{"angle":45,"axis":"x","origin":[-0.7,13.32521,23.75999]},"faces":{"north":{"uv":[3,3.1,13,13.1],"texture":"#1"},"east":{"uv":[3,3.1,13,13.1],"texture":"#1"},"south":{"uv":[3,3.1,13,13.1],"texture":"#1"},"west":{"uv":[3,3.1,13,13.1],"texture":"#1"},"up":{"uv":[3,3.1,13,13.1],"texture":"#1"},"down":{"uv":[3,3.1,13,13.1],"texture":"#1"}}},{"from":[-8.7,18.95464,19.83532],"to":[-7,19.45464,20.73532],"rotation":{"angle":-22.5,"axis":"x","origin":[-0.7,11.45464,22.43532]},"faces":{"north":{"uv":[3,3.1,13,13.1],"rotation":90,"texture":"#1"},"east":{"uv":[3,3.1,13,13.1],"rotation":90,"texture":"#1"},"south":{"uv":[3,3.1,13,13.1],"rotation":90,"texture":"#1"},"west":{"uv":[3,3.1,13,13.1],"rotation":90,"texture":"#1"},"up":{"uv":[3,3.1,13,13.1],"rotation":90,"texture":"#1"},"down":{"uv":[3,3.1,13,13.1],"rotation":90,"texture":"#1"}}},{"from":[-8.7,8.9125,13.90159],"to":[-7,9.4125,15.70159],"rotation":{"angle":-22.5,"axis":"x","origin":[-0.7,1.4125,17.10159]},"faces":{"north":{"uv":[3,3.1,13,13.1],"rotation":90,"texture":"#1"},"east":{"uv":[3,3.1,13,13.1],"rotation":90,"texture":"#1"},"south":{"uv":[3,3.1,13,13.1],"rotation":90,"texture":"#1"},"west":{"uv":[3,3.1,13,13.1],"rotation":90,"texture":"#1"},"up":{"uv":[3,3.1,13,13.1],"rotation":90,"texture":"#1"},"down":{"uv":[3,3.1,13,13.1],"rotation":90,"texture":"#1"}}},{"from":[-8.7,7.11701,8.17505],"to":[-7,7.61701,11.27505],"rotation":{"angle":0,"axis":"y","origin":[-0.7,-0.38299,12.67505]},"faces":{"north":{"uv":[3,3.1,13,13.1],"rotation":90,"texture":"#1"},"east":{"uv":[3,3.1,13,13.1],"rotation":90,"texture":"#1"},"south":{"uv":[3,3.1,13,13.1],"rotation":90,"texture":"#1"},"west":{"uv":[3,3.1,13,13.1],"rotation":90,"texture":"#1"},"up":{"uv":[3,3.1,13,13.1],"rotation":90,"texture":"#1"},"down":{"uv":[3,3.1,13,13.1],"rotation":90,"texture":"#1"}}},{"from":[-8.7,-0.10357,1.49435],"to":[-7,0.39643,2.84435],"rotation":{"angle":0,"axis":"y","origin":[-0.7,-7.60357,14.24435]},"faces":{"north":{"uv":[3,3.1,13,13.1],"rotation":90,"texture":"#1"},"east":{"uv":[3,3.1,13,13.1],"rotation":90,"texture":"#1"},"south":{"uv":[3,3.1,13,13.1],"rotation":90,"texture":"#1"},"west":{"uv":[3,3.1,13,13.1],"rotation":90,"texture":"#1"},"up":{"uv":[3,3.1,13,13.1],"rotation":90,"texture":"#1"},"down":{"uv":[3,3.1,13,13.1],"rotation":90,"texture":"#1"}}},{"from":[-8.7,-0.10357,12.49435],"to":[-7,0.39643,13.84435],"rotation":{"angle":0,"axis":"y","origin":[-0.7,-7.60357,25.24435]},"faces":{"north":{"uv":[3,3.1,13,13.1],"rotation":90,"texture":"#1"},"east":{"uv":[3,3.1,13,13.1],"rotation":90,"texture":"#1"},"south":{"uv":[3,3.1,13,13.1],"rotation":90,"texture":"#1"},"west":{"uv":[3,3.1,13,13.1],"rotation":90,"texture":"#1"},"up":{"uv":[3,3.1,13,13.1],"rotation":90,"texture":"#1"},"down":{"uv":[3,3.1,13,13.1],"rotation":90,"texture":"#1"}}},{"from":[-8.7,7.15216,1.39836],"to":[-7,7.65216,5.19836],"rotation":{"angle":22.5,"axis":"x","origin":[-0.7,-0.34784,6.59836]},"faces":{"north":{"uv":[3,3.1,13,13.1],"rotation":90,"texture":"#1"},"east":{"uv":[3,3.1,13,13.1],"rotation":90,"texture":"#1"},"south":{"uv":[3,3.1,13,13.1],"rotation":90,"texture":"#1"},"west":{"uv":[3,3.1,13,13.1],"rotation":90,"texture":"#1"},"up":{"uv":[3,3.1,13,13.1],"rotation":90,"texture":"#1"},"down":{"uv":[3,3.1,13,13.1],"rotation":90,"texture":"#1"}}},{"from":[-8.7,8.53315,2.05565],"to":[-7,9.03315,4.85565],"rotation":{"angle":0,"axis":"y","origin":[-0.7,1.03315,6.25565]},"faces":{"north":{"uv":[3,3.1,13,13.1],"rotation":90,"texture":"#1"},"east":{"uv":[3,3.1,13,13.1],"rotation":90,"texture":"#1"},"south":{"uv":[3,3.1,13,13.1],"rotation":90,"texture":"#1"},"west":{"uv":[3,3.1,13,13.1],"rotation":90,"texture":"#1"},"up":{"uv":[3,3.1,13,13.1],"rotation":90,"texture":"#1"},"down":{"uv":[3,3.1,13,13.1],"rotation":90,"texture":"#1"}}},{"from":[-8.7,3.48273,4.23383],"to":[-7,5.98273,4.73383],"rotation":{"angle":-22.5,"axis":"x","origin":[-0.7,1.78273,-3.26617]},"faces":{"north":{"uv":[3,3.1,13,13.1],"rotation":180,"texture":"#1"},"east":{"uv":[3,3.1,13,13.1],"rotation":180,"texture":"#1"},"south":{"uv":[3,3.1,13,13.1],"rotation":180,"texture":"#1"},"west":{"uv":[3,3.1,13,13.1],"rotation":180,"texture":"#1"},"up":{"uv":[3,3.1,13,13.1],"rotation":180,"texture":"#1"},"down":{"uv":[3,3.1,13,13.1],"rotation":180,"texture":"#1"}}},{"from":[-8.7,3.48273,10.66617],"to":[-7,5.98273,11.16617],"rotation":{"angle":22.5,"axis":"x","origin":[-0.7,1.78273,18.66617]},"faces":{"north":{"uv":[3,3.1,13,13.1],"rotation":180,"texture":"#1"},"east":{"uv":[3,3.1,13,13.1],"rotation":180,"texture":"#1"},"south":{"uv":[3,3.1,13,13.1],"rotation":180,"texture":"#1"},"west":{"uv":[3,3.1,13,13.1],"rotation":180,"texture":"#1"},"up":{"uv":[3,3.1,13,13.1],"rotation":180,"texture":"#1"},"down":{"uv":[3,3.1,13,13.1],"rotation":180,"texture":"#1"}}},{"from":[-8.7,3.29596,1.97599],"to":[-7,5.89596,2.47599],"rotation":{"angle":22.5,"axis":"x","origin":[-0.7,1.69596,-5.52401]},"faces":{"north":{"uv":[3,3.1,13,13.1],"rotation":180,"texture":"#1"},"east":{"uv":[3,3.1,13,13.1],"rotation":180,"texture":"#1"},"south":{"uv":[3,3.1,13,13.1],"rotation":180,"texture":"#1"},"west":{"uv":[3,3.1,13,13.1],"rotation":180,"texture":"#1"},"up":{"uv":[3,3.1,13,13.1],"rotation":180,"texture":"#1"},"down":{"uv":[3,3.1,13,13.1],"rotation":180,"texture":"#1"}}},{"from":[-8.7,0.98467,0.27164],"to":[-7,1.48467,2.77164],"rotation":{"angle":-22.5,"axis":"x","origin":[-0.7,8.98467,-1.42836]},"faces":{"north":{"uv":[3,3.1,13,13.1],"rotation":270,"texture":"#1"},"east":{"uv":[3,3.1,13,13.1],"rotation":270,"texture":"#1"},"south":{"uv":[3,3.1,13,13.1],"rotation":270,"texture":"#1"},"west":{"uv":[3,3.1,13,13.1],"rotation":270,"texture":"#1"},"up":{"uv":[3,3.1,13,13.1],"rotation":270,"texture":"#1"},"down":{"uv":[3,3.1,13,13.1],"rotation":270,"texture":"#1"}}},{"from":[-8.7,0.98467,12.62836],"to":[-7,1.48467,15.12836],"rotation":{"angle":22.5,"axis":"x","origin":[-0.7,8.98467,16.82836]},"faces":{"north":{"uv":[3,3.1,13,13.1],"rotation":270,"texture":"#1"},"east":{"uv":[3,3.1,13,13.1],"rotation":270,"texture":"#1"},"south":{"uv":[3,3.1,13,13.1],"rotation":270,"texture":"#1"},"west":{"uv":[3,3.1,13,13.1],"rotation":270,"texture":"#1"},"up":{"uv":[3,3.1,13,13.1],"rotation":270,"texture":"#1"},"down":{"uv":[3,3.1,13,13.1],"rotation":270,"texture":"#1"}}},{"from":[-8.7,3.16284,5.32206],"to":[-7,3.66284,10.07206],"rotation":{"angle":0,"axis":"y","origin":[-0.7,11.16284,9.52206]},"faces":{"north":{"uv":[3,3.1,13,13.1],"rotation":270,"texture":"#1"},"east":{"uv":[3,3.1,13,13.1],"rotation":270,"texture":"#1"},"south":{"uv":[3,3.1,13,13.1],"rotation":270,"texture":"#1"},"west":{"uv":[3,3.1,13,13.1],"rotation":270,"texture":"#1"},"up":{"uv":[3,3.1,13,13.1],"rotation":270,"texture":"#1"},"down":{"uv":[3,3.1,13,13.1],"rotation":270,"texture":"#1"}}},{"from":[-8.2,3.36479,5.68797],"to":[-7.7,8.11479,6.18797],"rotation":{"angle":0,"axis":"y","origin":[-0.2,4.91479,13.68797]},"faces":{"north":{"uv":[3,3.1,13,13.1],"texture":"#1"},"east":{"uv":[3,3.1,13,13.1],"texture":"#1"},"south":{"uv":[3,3.1,13,13.1],"texture":"#1"},"west":{"uv":[3,3.1,13,13.1],"texture":"#1"},"up":{"uv":[3,3.1,13,13.1],"texture":"#1"},"down":{"uv":[3,3.1,13,13.1],"texture":"#1"}}},{"from":[-8.2,3.36479,8.98797],"to":[-7.7,7.31479,9.48797],"rotation":{"angle":0,"axis":"y","origin":[-0.2,4.91479,16.98797]},"faces":{"north":{"uv":[3,3.1,13,13.1],"texture":"#1"},"east":{"uv":[3,3.1,13,13.1],"texture":"#1"},"south":{"uv":[3,3.1,13,13.1],"texture":"#1"},"west":{"uv":[3,3.1,13,13.1],"texture":"#1"},"up":{"uv":[3,3.1,13,13.1],"texture":"#1"},"down":{"uv":[3,3.1,13,13.1],"texture":"#1"}}},{"from":[-8.2,10.56479,5.18797],"to":[-7.7,13.01479,5.68797],"rotation":{"angle":-45,"axis":"x","origin":[-0.2,12.61479,13.18797]},"faces":{"north":{"uv":[3,3.1,13,13.1],"texture":"#1"},"east":{"uv":[3,3.1,13,13.1],"texture":"#1"},"south":{"uv":[3,3.1,13,13.1],"texture":"#1"},"west":{"uv":[3,3.1,13,13.1],"texture":"#1"},"up":{"uv":[3,3.1,13,13.1],"texture":"#1"},"down":{"uv":[3,3.1,13,13.1],"texture":"#1"}}},{"from":[-8.2,8.36479,3.78797],"to":[-7.7,10.81479,4.28797],"rotation":{"angle":-45,"axis":"x","origin":[-0.2,10.41479,11.78797]},"faces":{"north":{"uv":[3,3.1,13,13.1],"texture":"#1"},"east":{"uv":[3,3.1,13,13.1],"texture":"#1"},"south":{"uv":[3,3.1,13,13.1],"texture":"#1"},"west":{"uv":[3,3.1,13,13.1],"texture":"#1"},"up":{"uv":[3,3.1,13,13.1],"texture":"#1"},"down":{"uv":[3,3.1,13,13.1],"texture":"#1"}}},{"from":[-8.2,1.2621,1.82781],"to":[-7.7,1.7621,4.27781],"rotation":{"angle":-45,"axis":"x","origin":[-0.2,9.2621,2.22781]},"faces":{"north":{"uv":[3,3.1,13,13.1],"rotation":270,"texture":"#1"},"east":{"uv":[3,3.1,13,13.1],"rotation":270,"texture":"#1"},"south":{"uv":[3,3.1,13,13.1],"rotation":270,"texture":"#1"},"west":{"uv":[3,3.1,13,13.1],"rotation":270,"texture":"#1"},"up":{"uv":[3,3.1,13,13.1],"rotation":270,"texture":"#1"},"down":{"uv":[3,3.1,13,13.1],"rotation":270,"texture":"#1"}}},{"from":[-8.2,3.4621,0.32781],"to":[-7.7,3.9621,2.77781],"rotation":{"angle":-45,"axis":"x","origin":[-0.2,11.4621,0.72781]},"faces":{"north":{"uv":[3,3.1,13,13.1],"rotation":270,"texture":"#1"},"east":{"uv":[3,3.1,13,13.1],"rotation":270,"texture":"#1"},"south":{"uv":[3,3.1,13,13.1],"rotation":270,"texture":"#1"},"west":{"uv":[3,3.1,13,13.1],"rotation":270,"texture":"#1"},"up":{"uv":[3,3.1,13,13.1],"rotation":270,"texture":"#1"},"down":{"uv":[3,3.1,13,13.1],"rotation":270,"texture":"#1"}}},{"from":[-8.7,3.29596,12.92401],"to":[-7,5.99596,13.42401],"rotation":{"angle":-22.5,"axis":"x","origin":[-0.7,1.79596,20.92401]},"faces":{"north":{"uv":[3,3.1,13,13.1],"rotation":180,"texture":"#1"},"east":{"uv":[3,3.1,13,13.1],"rotation":180,"texture":"#1"},"south":{"uv":[3,3.1,13,13.1],"rotation":180,"texture":"#1"},"west":{"uv":[3,3.1,13,13.1],"rotation":180,"texture":"#1"},"up":{"uv":[3,3.1,13,13.1],"rotation":180,"texture":"#1"},"down":{"uv":[3,3.1,13,13.1],"rotation":180,"texture":"#1"}}},{"from":[-8.7,2.51479,2.9743],"to":[-7,6.41479,3.4743],"rotation":{"angle":0,"axis":"y","origin":[-0.7,2.21479,-4.5257]},"faces":{"north":{"uv":[3,3.1,13,13.1],"rotation":180,"texture":"#1"},"east":{"uv":[3,3.1,13,13.1],"rotation":180,"texture":"#1"},"south":{"uv":[3,3.1,13,13.1],"rotation":180,"texture":"#1"},"west":{"uv":[3,3.1,13,13.1],"rotation":180,"texture":"#1"},"up":{"uv":[3,3.1,13,13.1],"rotation":180,"texture":"#1"},"down":{"uv":[3,3.1,13,13.1],"rotation":180,"texture":"#1"}}},{"from":[-8.7,2.51479,11.9257],"to":[-7,6.41479,12.4257],"rotation":{"angle":0,"axis":"y","origin":[-0.7,2.21479,19.9257]},"faces":{"north":{"uv":[3,3.1,13,13.1],"rotation":180,"texture":"#1"},"east":{"uv":[3,3.1,13,13.1],"rotation":180,"texture":"#1"},"south":{"uv":[3,3.1,13,13.1],"rotation":180,"texture":"#1"},"west":{"uv":[3,3.1,13,13.1],"rotation":180,"texture":"#1"},"up":{"uv":[3,3.1,13,13.1],"rotation":180,"texture":"#1"},"down":{"uv":[3,3.1,13,13.1],"rotation":180,"texture":"#1"}}},{"from":[-8.7,11.86624,5.90245],"to":[-7,12.36624,7.30245],"rotation":{"angle":-45,"axis":"x","origin":[-0.7,4.36624,8.70245]},"faces":{"north":{"uv":[3,3.1,13,13.1],"rotation":90,"texture":"#1"},"east":{"uv":[3,3.1,13,13.1],"rotation":90,"texture":"#1"},"south":{"uv":[3,3.1,13,13.1],"rotation":90,"texture":"#1"},"west":{"uv":[3,3.1,13,13.1],"rotation":90,"texture":"#1"},"up":{"uv":[3,3.1,13,13.1],"rotation":90,"texture":"#1"},"down":{"uv":[3,3.1,13,13.1],"rotation":90,"texture":"#1"}}},{"from":[-8.7,7.2432,1.0657],"to":[-7,8.0432,1.5657],"rotation":{"angle":0,"axis":"y","origin":[-0.7,9.4432,9.0657]},"faces":{"north":{"uv":[3,3.1,13,13.1],"texture":"#1"},"east":{"uv":[3,3.1,13,13.1],"texture":"#1"},"south":{"uv":[3,3.1,13,13.1],"texture":"#1"},"west":{"uv":[3,3.1,13,13.1],"texture":"#1"},"up":{"uv":[3,3.1,13,13.1],"texture":"#1"},"down":{"uv":[3,3.1,13,13.1],"texture":"#1"}}},{"from":[-8.2,6.98501,7.49036],"to":[-7.7,7.48501,7.99036],"rotation":{"angle":-22.5,"axis":"x","origin":[-1.45,-0.51499,8.29036]},"faces":{"north":{"uv":[3,3.1,13,13.1],"rotation":90,"texture":"#1"},"east":{"uv":[3,3.1,13,13.1],"rotation":90,"texture":"#1"},"south":{"uv":[3,3.1,13,13.1],"rotation":90,"texture":"#1"},"west":{"uv":[3,3.1,13,13.1],"rotation":90,"texture":"#1"},"up":{"uv":[3,3.1,13,13.1],"rotation":90,"texture":"#1"},"down":{"uv":[3,3.1,13,13.1],"rotation":90,"texture":"#1"}}},{"from":[-8.2,6.10796,4.18113],"to":[-7.7,6.60796,4.68113],"rotation":{"angle":0,"axis":"y","origin":[-1.45,-1.39204,4.98113]},"faces":{"north":{"uv":[3,3.1,13,13.1],"rotation":90,"texture":"#1"},"east":{"uv":[3,3.1,13,13.1],"rotation":90,"texture":"#1"},"south":{"uv":[3,3.1,13,13.1],"rotation":90,"texture":"#1"},"west":{"uv":[3,3.1,13,13.1],"rotation":90,"texture":"#1"},"up":{"uv":[3,3.1,13,13.1],"rotation":90,"texture":"#1"},"down":{"uv":[3,3.1,13,13.1],"rotation":90,"texture":"#1"}}},{"from":[-8.2,6.56405,0.78817],"to":[-7.7,7.06405,1.28817],"rotation":{"angle":22.5,"axis":"x","origin":[-1.45,-0.93595,1.58817]},"faces":{"north":{"uv":[3,3.1,13,13.1],"rotation":90,"texture":"#1"},"east":{"uv":[3,3.1,13,13.1],"rotation":90,"texture":"#1"},"south":{"uv":[3,3.1,13,13.1],"rotation":90,"texture":"#1"},"west":{"uv":[3,3.1,13,13.1],"rotation":90,"texture":"#1"},"up":{"uv":[3,3.1,13,13.1],"rotation":90,"texture":"#1"},"down":{"uv":[3,3.1,13,13.1],"rotation":90,"texture":"#1"}}},{"from":[-8.2,8.28387,-2.17197],"to":[-7.7,8.78387,-1.67197],"rotation":{"angle":45,"axis":"x","origin":[-1.45,0.78387,-1.37197]},"faces":{"north":{"uv":[3,3.1,13,13.1],"rotation":90,"texture":"#1"},"east":{"uv":[3,3.1,13,13.1],"rotation":90,"texture":"#1"},"south":{"uv":[3,3.1,13,13.1],"rotation":90,"texture":"#1"},"west":{"uv":[3,3.1,13,13.1],"rotation":90,"texture":"#1"},"up":{"uv":[3,3.1,13,13.1],"rotation":90,"texture":"#1"},"down":{"uv":[3,3.1,13,13.1],"rotation":90,"texture":"#1"}}},{"from":[-8.2,3.80556,4.05135],"to":[-7.7,4.30556,4.55135],"rotation":{"angle":-22.5,"axis":"x","origin":[-1.45,3.50556,-3.44865]},"faces":{"north":{"uv":[3,3.1,13,13.1],"rotation":180,"texture":"#1"},"east":{"uv":[3,3.1,13,13.1],"rotation":180,"texture":"#1"},"south":{"uv":[3,3.1,13,13.1],"rotation":180,"texture":"#1"},"west":{"uv":[3,3.1,13,13.1],"rotation":180,"texture":"#1"},"up":{"uv":[3,3.1,13,13.1],"rotation":180,"texture":"#1"},"down":{"uv":[3,3.1,13,13.1],"rotation":180,"texture":"#1"}}},{"from":[-8.2,7.11479,3.1743],"to":[-7.7,7.61479,3.6743],"rotation":{"angle":0,"axis":"y","origin":[-1.45,6.81479,-4.3257]},"faces":{"north":{"uv":[3,3.1,13,13.1],"rotation":180,"texture":"#1"},"east":{"uv":[3,3.1,13,13.1],"rotation":180,"texture":"#1"},"south":{"uv":[3,3.1,13,13.1],"rotation":180,"texture":"#1"},"west":{"uv":[3,3.1,13,13.1],"rotation":180,"texture":"#1"},"up":{"uv":[3,3.1,13,13.1],"rotation":180,"texture":"#1"},"down":{"uv":[3,3.1,13,13.1],"rotation":180,"texture":"#1"}}},{"from":[-8.2,10.50775,3.6304],"to":[-7.7,11.00775,4.1304],"rotation":{"angle":22.5,"axis":"x","origin":[-1.45,10.20775,-3.8696]},"faces":{"north":{"uv":[3,3.1,13,13.1],"rotation":180,"texture":"#1"},"east":{"uv":[3,3.1,13,13.1],"rotation":180,"texture":"#1"},"south":{"uv":[3,3.1,13,13.1],"rotation":180,"texture":"#1"},"west":{"uv":[3,3.1,13,13.1],"rotation":180,"texture":"#1"},"up":{"uv":[3,3.1,13,13.1],"rotation":180,"texture":"#1"},"down":{"uv":[3,3.1,13,13.1],"rotation":180,"texture":"#1"}}},{"from":[-8.2,13.4679,5.35021],"to":[-7.7,13.9679,5.85021],"rotation":{"angle":45,"axis":"x","origin":[-1.45,13.1679,-2.14979]},"faces":{"north":{"uv":[3,3.1,13,13.1],"rotation":180,"texture":"#1"},"east":{"uv":[3,3.1,13,13.1],"rotation":180,"texture":"#1"},"south":{"uv":[3,3.1,13,13.1],"rotation":180,"texture":"#1"},"west":{"uv":[3,3.1,13,13.1],"rotation":180,"texture":"#1"},"up":{"uv":[3,3.1,13,13.1],"rotation":180,"texture":"#1"},"down":{"uv":[3,3.1,13,13.1],"rotation":180,"texture":"#1"}}},{"from":[-8.2,7.24458,0.87191],"to":[-7.7,7.74458,1.37191],"rotation":{"angle":-22.5,"axis":"x","origin":[-1.45,15.24458,0.57191]},"faces":{"north":{"uv":[3,3.1,13,13.1],"rotation":270,"texture":"#1"},"east":{"uv":[3,3.1,13,13.1],"rotation":270,"texture":"#1"},"south":{"uv":[3,3.1,13,13.1],"rotation":270,"texture":"#1"},"west":{"uv":[3,3.1,13,13.1],"rotation":270,"texture":"#1"},"up":{"uv":[3,3.1,13,13.1],"rotation":270,"texture":"#1"},"down":{"uv":[3,3.1,13,13.1],"rotation":270,"texture":"#1"}}},{"from":[-8.2,8.12163,4.18113],"to":[-7.7,8.62163,4.68113],"rotation":{"angle":0,"axis":"y","origin":[-1.45,16.12163,3.88113]},"faces":{"north":{"uv":[3,3.1,13,13.1],"rotation":270,"texture":"#1"},"east":{"uv":[3,3.1,13,13.1],"rotation":270,"texture":"#1"},"south":{"uv":[3,3.1,13,13.1],"rotation":270,"texture":"#1"},"west":{"uv":[3,3.1,13,13.1],"rotation":270,"texture":"#1"},"up":{"uv":[3,3.1,13,13.1],"rotation":270,"texture":"#1"},"down":{"uv":[3,3.1,13,13.1],"rotation":270,"texture":"#1"}}},{"from":[-8.2,7.66553,7.5741],"to":[-7.7,8.16553,8.0741],"rotation":{"angle":22.5,"axis":"x","origin":[-1.45,15.66553,7.2741]},"faces":{"north":{"uv":[3,3.1,13,13.1],"rotation":270,"texture":"#1"},"east":{"uv":[3,3.1,13,13.1],"rotation":270,"texture":"#1"},"south":{"uv":[3,3.1,13,13.1],"rotation":270,"texture":"#1"},"west":{"uv":[3,3.1,13,13.1],"rotation":270,"texture":"#1"},"up":{"uv":[3,3.1,13,13.1],"rotation":270,"texture":"#1"},"down":{"uv":[3,3.1,13,13.1],"rotation":270,"texture":"#1"}}},{"from":[-8.2,5.94572,10.53424],"to":[-7.7,6.44572,11.03424],"rotation":{"angle":45,"axis":"x","origin":[-1.45,13.94572,10.23424]},"faces":{"north":{"uv":[3,3.1,13,13.1],"rotation":270,"texture":"#1"},"east":{"uv":[3,3.1,13,13.1],"rotation":270,"texture":"#1"},"south":{"uv":[3,3.1,13,13.1],"rotation":270,"texture":"#1"},"west":{"uv":[3,3.1,13,13.1],"rotation":270,"texture":"#1"},"up":{"uv":[3,3.1,13,13.1],"rotation":270,"texture":"#1"},"down":{"uv":[3,3.1,13,13.1],"rotation":270,"texture":"#1"}}},{"from":[-8.2,7.11479,5.18797],"to":[-7.7,7.61479,5.68797],"rotation":{"angle":0,"axis":"y","origin":[-1.45,7.91479,13.18797]},"faces":{"north":{"uv":[3,3.1,13,13.1],"texture":"#1"},"east":{"uv":[3,3.1,13,13.1],"texture":"#1"},"south":{"uv":[3,3.1,13,13.1],"texture":"#1"},"west":{"uv":[3,3.1,13,13.1],"texture":"#1"},"up":{"uv":[3,3.1,13,13.1],"texture":"#1"},"down":{"uv":[3,3.1,13,13.1],"texture":"#1"}}},{"from":[-8.2,3.72183,4.73187],"to":[-7.7,4.22183,5.23187],"rotation":{"angle":22.5,"axis":"x","origin":[-1.45,4.52183,12.73187]},"faces":{"north":{"uv":[3,3.1,13,13.1],"texture":"#1"},"east":{"uv":[3,3.1,13,13.1],"texture":"#1"},"south":{"uv":[3,3.1,13,13.1],"texture":"#1"},"west":{"uv":[3,3.1,13,13.1],"texture":"#1"},"up":{"uv":[3,3.1,13,13.1],"texture":"#1"},"down":{"uv":[3,3.1,13,13.1],"texture":"#1"}}},{"from":[-8.2,0.76168,3.01206],"to":[-7.7,1.26168,3.51206],"rotation":{"angle":45,"axis":"x","origin":[-1.45,1.56168,11.01206]},"faces":{"north":{"uv":[3,3.1,13,13.1],"texture":"#1"},"east":{"uv":[3,3.1,13,13.1],"texture":"#1"},"south":{"uv":[3,3.1,13,13.1],"texture":"#1"},"west":{"uv":[3,3.1,13,13.1],"texture":"#1"},"up":{"uv":[3,3.1,13,13.1],"texture":"#1"},"down":{"uv":[3,3.1,13,13.1],"texture":"#1"}}},{"from":[-8.2,10.42402,4.31092],"to":[-7.7,10.92402,4.81092],"rotation":{"angle":-22.5,"axis":"x","origin":[-1.45,11.22402,12.31092]},"faces":{"north":{"uv":[3,3.1,13,13.1],"texture":"#1"},"east":{"uv":[3,3.1,13,13.1],"texture":"#1"},"south":{"uv":[3,3.1,13,13.1],"texture":"#1"},"west":{"uv":[3,3.1,13,13.1],"texture":"#1"},"up":{"uv":[3,3.1,13,13.1],"texture":"#1"},"down":{"uv":[3,3.1,13,13.1],"texture":"#1"}}},{"from":[-8.2,4.38501,13.79036],"to":[-7.7,4.88501,14.29036],"rotation":{"angle":-22.5,"axis":"x","origin":[-1.45,-3.11499,14.59036]},"faces":{"north":{"uv":[3,3.1,13,13.1],"rotation":90,"texture":"#1"},"east":{"uv":[3,3.1,13,13.1],"rotation":90,"texture":"#1"},"south":{"uv":[3,3.1,13,13.1],"rotation":90,"texture":"#1"},"west":{"uv":[3,3.1,13,13.1],"rotation":90,"texture":"#1"},"up":{"uv":[3,3.1,13,13.1],"rotation":90,"texture":"#1"},"down":{"uv":[3,3.1,13,13.1],"rotation":90,"texture":"#1"}}},{"from":[-8.2,3.50796,10.48113],"to":[-7.7,4.00796,10.98113],"rotation":{"angle":0,"axis":"y","origin":[-1.45,-3.99204,11.28113]},"faces":{"north":{"uv":[3,3.1,13,13.1],"rotation":90,"texture":"#1"},"east":{"uv":[3,3.1,13,13.1],"rotation":90,"texture":"#1"},"south":{"uv":[3,3.1,13,13.1],"rotation":90,"texture":"#1"},"west":{"uv":[3,3.1,13,13.1],"rotation":90,"texture":"#1"},"up":{"uv":[3,3.1,13,13.1],"rotation":90,"texture":"#1"},"down":{"uv":[3,3.1,13,13.1],"rotation":90,"texture":"#1"}}},{"from":[-8.2,3.96405,7.08817],"to":[-7.7,4.46405,7.58817],"rotation":{"angle":22.5,"axis":"x","origin":[-1.45,-3.53595,7.88817]},"faces":{"north":{"uv":[3,3.1,13,13.1],"rotation":90,"texture":"#1"},"east":{"uv":[3,3.1,13,13.1],"rotation":90,"texture":"#1"},"south":{"uv":[3,3.1,13,13.1],"rotation":90,"texture":"#1"},"west":{"uv":[3,3.1,13,13.1],"rotation":90,"texture":"#1"},"up":{"uv":[3,3.1,13,13.1],"rotation":90,"texture":"#1"},"down":{"uv":[3,3.1,13,13.1],"rotation":90,"texture":"#1"}}},{"from":[-8.2,5.68387,4.12803],"to":[-7.7,6.18387,4.62803],"rotation":{"angle":45,"axis":"x","origin":[-1.45,-1.81613,4.92803]},"faces":{"north":{"uv":[3,3.1,13,13.1],"rotation":90,"texture":"#1"},"east":{"uv":[3,3.1,13,13.1],"rotation":90,"texture":"#1"},"south":{"uv":[3,3.1,13,13.1],"rotation":90,"texture":"#1"},"west":{"uv":[3,3.1,13,13.1],"rotation":90,"texture":"#1"},"up":{"uv":[3,3.1,13,13.1],"rotation":90,"texture":"#1"},"down":{"uv":[3,3.1,13,13.1],"rotation":90,"texture":"#1"}}},{"from":[-8.2,1.20556,10.35135],"to":[-7.7,1.70556,10.85135],"rotation":{"angle":-22.5,"axis":"x","origin":[-1.45,0.90556,2.85135]},"faces":{"north":{"uv":[3,3.1,13,13.1],"rotation":180,"texture":"#1"},"east":{"uv":[3,3.1,13,13.1],"rotation":180,"texture":"#1"},"south":{"uv":[3,3.1,13,13.1],"rotation":180,"texture":"#1"},"west":{"uv":[3,3.1,13,13.1],"rotation":180,"texture":"#1"},"up":{"uv":[3,3.1,13,13.1],"rotation":180,"texture":"#1"},"down":{"uv":[3,3.1,13,13.1],"rotation":180,"texture":"#1"}}},{"from":[-8.2,4.51479,9.4743],"to":[-7.7,5.01479,9.9743],"rotation":{"angle":0,"axis":"y","origin":[-1.45,4.21479,1.9743]},"faces":{"north":{"uv":[3,3.1,13,13.1],"rotation":180,"texture":"#1"},"east":{"uv":[3,3.1,13,13.1],"rotation":180,"texture":"#1"},"south":{"uv":[3,3.1,13,13.1],"rotation":180,"texture":"#1"},"west":{"uv":[3,3.1,13,13.1],"rotation":180,"texture":"#1"},"up":{"uv":[3,3.1,13,13.1],"rotation":180,"texture":"#1"},"down":{"uv":[3,3.1,13,13.1],"rotation":180,"texture":"#1"}}},{"from":[-8.2,7.90775,9.9304],"to":[-7.7,8.40775,10.4304],"rotation":{"angle":22.5,"axis":"x","origin":[-1.45,7.60775,2.4304]},"faces":{"north":{"uv":[3,3.1,13,13.1],"rotation":180,"texture":"#1"},"east":{"uv":[3,3.1,13,13.1],"rotation":180,"texture":"#1"},"south":{"uv":[3,3.1,13,13.1],"rotation":180,"texture":"#1"},"west":{"uv":[3,3.1,13,13.1],"rotation":180,"texture":"#1"},"up":{"uv":[3,3.1,13,13.1],"rotation":180,"texture":"#1"},"down":{"uv":[3,3.1,13,13.1],"rotation":180,"texture":"#1"}}},{"from":[-8.2,10.8679,11.65021],"to":[-7.7,11.3679,12.15021],"rotation":{"angle":45,"axis":"x","origin":[-1.45,10.5679,4.15021]},"faces":{"north":{"uv":[3,3.1,13,13.1],"rotation":180,"texture":"#1"},"east":{"uv":[3,3.1,13,13.1],"rotation":180,"texture":"#1"},"south":{"uv":[3,3.1,13,13.1],"rotation":180,"texture":"#1"},"west":{"uv":[3,3.1,13,13.1],"rotation":180,"texture":"#1"},"up":{"uv":[3,3.1,13,13.1],"rotation":180,"texture":"#1"},"down":{"uv":[3,3.1,13,13.1],"rotation":180,"texture":"#1"}}},{"from":[-8.2,4.64458,7.17191],"to":[-7.7,5.14458,7.67191],"rotation":{"angle":-22.5,"axis":"x","origin":[-1.45,12.64458,6.87191]},"faces":{"north":{"uv":[3,3.1,13,13.1],"rotation":270,"texture":"#1"},"east":{"uv":[3,3.1,13,13.1],"rotation":270,"texture":"#1"},"south":{"uv":[3,3.1,13,13.1],"rotation":270,"texture":"#1"},"west":{"uv":[3,3.1,13,13.1],"rotation":270,"texture":"#1"},"up":{"uv":[3,3.1,13,13.1],"rotation":270,"texture":"#1"},"down":{"uv":[3,3.1,13,13.1],"rotation":270,"texture":"#1"}}},{"from":[-8.2,5.52163,10.48113],"to":[-7.7,6.02163,10.98113],"rotation":{"angle":0,"axis":"y","origin":[-1.45,13.52163,10.18113]},"faces":{"north":{"uv":[3,3.1,13,13.1],"rotation":270,"texture":"#1"},"east":{"uv":[3,3.1,13,13.1],"rotation":270,"texture":"#1"},"south":{"uv":[3,3.1,13,13.1],"rotation":270,"texture":"#1"},"west":{"uv":[3,3.1,13,13.1],"rotation":270,"texture":"#1"},"up":{"uv":[3,3.1,13,13.1],"rotation":270,"texture":"#1"},"down":{"uv":[3,3.1,13,13.1],"rotation":270,"texture":"#1"}}},{"from":[-8.2,5.06553,13.8741],"to":[-7.7,5.56553,14.3741],"rotation":{"angle":22.5,"axis":"x","origin":[-1.45,13.06553,13.5741]},"faces":{"north":{"uv":[3,3.1,13,13.1],"rotation":270,"texture":"#1"},"east":{"uv":[3,3.1,13,13.1],"rotation":270,"texture":"#1"},"south":{"uv":[3,3.1,13,13.1],"rotation":270,"texture":"#1"},"west":{"uv":[3,3.1,13,13.1],"rotation":270,"texture":"#1"},"up":{"uv":[3,3.1,13,13.1],"rotation":270,"texture":"#1"},"down":{"uv":[3,3.1,13,13.1],"rotation":270,"texture":"#1"}}},{"from":[-8.2,3.34572,16.83424],"to":[-7.7,3.84572,17.33424],"rotation":{"angle":45,"axis":"x","origin":[-1.45,11.34572,16.53424]},"faces":{"north":{"uv":[3,3.1,13,13.1],"rotation":270,"texture":"#1"},"east":{"uv":[3,3.1,13,13.1],"rotation":270,"texture":"#1"},"south":{"uv":[3,3.1,13,13.1],"rotation":270,"texture":"#1"},"west":{"uv":[3,3.1,13,13.1],"rotation":270,"texture":"#1"},"up":{"uv":[3,3.1,13,13.1],"rotation":270,"texture":"#1"},"down":{"uv":[3,3.1,13,13.1],"rotation":270,"texture":"#1"}}},{"from":[-8.2,4.51479,11.48797],"to":[-7.7,5.01479,11.98797],"rotation":{"angle":0,"axis":"y","origin":[-1.45,5.31479,19.48797]},"faces":{"north":{"uv":[3,3.1,13,13.1],"texture":"#1"},"east":{"uv":[3,3.1,13,13.1],"texture":"#1"},"south":{"uv":[3,3.1,13,13.1],"texture":"#1"},"west":{"uv":[3,3.1,13,13.1],"texture":"#1"},"up":{"uv":[3,3.1,13,13.1],"texture":"#1"},"down":{"uv":[3,3.1,13,13.1],"texture":"#1"}}},{"from":[-8.2,1.12183,11.03187],"to":[-7.7,1.62183,11.53187],"rotation":{"angle":22.5,"axis":"x","origin":[-1.45,1.92183,19.03187]},"faces":{"north":{"uv":[3,3.1,13,13.1],"texture":"#1"},"east":{"uv":[3,3.1,13,13.1],"texture":"#1"},"south":{"uv":[3,3.1,13,13.1],"texture":"#1"},"west":{"uv":[3,3.1,13,13.1],"texture":"#1"},"up":{"uv":[3,3.1,13,13.1],"texture":"#1"},"down":{"uv":[3,3.1,13,13.1],"texture":"#1"}}},{"from":[-8.2,-1.83832,9.31206],"to":[-7.7,-1.33832,9.81206],"rotation":{"angle":45,"axis":"x","origin":[-1.45,-1.03832,17.31206]},"faces":{"north":{"uv":[3,3.1,13,13.1],"texture":"#1"},"east":{"uv":[3,3.1,13,13.1],"texture":"#1"},"south":{"uv":[3,3.1,13,13.1],"texture":"#1"},"west":{"uv":[3,3.1,13,13.1],"texture":"#1"},"up":{"uv":[3,3.1,13,13.1],"texture":"#1"},"down":{"uv":[3,3.1,13,13.1],"texture":"#1"}}},{"from":[-8.2,7.82402,10.61092],"to":[-7.7,8.32402,11.11092],"rotation":{"angle":-22.5,"axis":"x","origin":[-1.45,8.62402,18.61092]},"faces":{"north":{"uv":[3,3.1,13,13.1],"texture":"#1"},"east":{"uv":[3,3.1,13,13.1],"texture":"#1"},"south":{"uv":[3,3.1,13,13.1],"texture":"#1"},"west":{"uv":[3,3.1,13,13.1],"texture":"#1"},"up":{"uv":[3,3.1,13,13.1],"texture":"#1"},"down":{"uv":[3,3.1,13,13.1],"texture":"#1"}}},{"from":[22.8,4.28869,15.11994],"to":[24.5,14.18869,15.61994],"rotation":{"angle":22.5,"axis":"x","origin":[16.5,12.78869,23.11994]},"faces":{"north":{"uv":[3,3.1,13,13.1],"texture":"#1"},"east":{"uv":[3,3.1,13,13.1],"texture":"#1"},"south":{"uv":[3,3.1,13,13.1],"texture":"#1"},"west":{"uv":[3,3.1,13,13.1],"texture":"#1"},"up":{"uv":[3,3.1,13,13.1],"texture":"#1"},"down":{"uv":[3,3.1,13,13.1],"texture":"#1"}}},{"from":[22.8,10.72521,15.75999],"to":[24.5,11.72521,16.25999],"rotation":{"angle":45,"axis":"x","origin":[16.5,13.32521,23.75999]},"faces":{"north":{"uv":[3,3.1,13,13.1],"texture":"#1"},"east":{"uv":[3,3.1,13,13.1],"texture":"#1"},"south":{"uv":[3,3.1,13,13.1],"texture":"#1"},"west":{"uv":[3,3.1,13,13.1],"texture":"#1"},"up":{"uv":[3,3.1,13,13.1],"texture":"#1"},"down":{"uv":[3,3.1,13,13.1],"texture":"#1"}}},{"from":[22.8,18.95464,19.83532],"to":[24.5,19.45464,21.03532],"rotation":{"angle":-22.5,"axis":"x","origin":[16.5,11.45464,22.43532]},"faces":{"north":{"uv":[3,3.1,13,13.1],"rotation":270,"texture":"#1"},"east":{"uv":[3,3.1,13,13.1],"rotation":270,"texture":"#1"},"south":{"uv":[3,3.1,13,13.1],"rotation":270,"texture":"#1"},"west":{"uv":[3,3.1,13,13.1],"rotation":270,"texture":"#1"},"up":{"uv":[3,3.1,13,13.1],"rotation":270,"texture":"#1"},"down":{"uv":[3,3.1,13,13.1],"rotation":270,"texture":"#1"}}},{"from":[22.8,8.9125,13.90159],"to":[24.5,9.4125,15.70159],"rotation":{"angle":-22.5,"axis":"x","origin":[16.5,1.4125,17.10159]},"faces":{"north":{"uv":[3,3.1,13,13.1],"rotation":270,"texture":"#1"},"east":{"uv":[3,3.1,13,13.1],"rotation":270,"texture":"#1"},"south":{"uv":[3,3.1,13,13.1],"rotation":270,"texture":"#1"},"west":{"uv":[3,3.1,13,13.1],"rotation":270,"texture":"#1"},"up":{"uv":[3,3.1,13,13.1],"rotation":270,"texture":"#1"},"down":{"uv":[3,3.1,13,13.1],"rotation":270,"texture":"#1"}}},{"from":[22.8,7.11701,8.17505],"to":[24.5,7.61701,11.27505],"rotation":{"angle":0,"axis":"y","origin":[16.5,-0.38299,12.67505]},"faces":{"north":{"uv":[3,3.1,13,13.1],"rotation":270,"texture":"#1"},"east":{"uv":[3,3.1,13,13.1],"rotation":270,"texture":"#1"},"south":{"uv":[3,3.1,13,13.1],"rotation":270,"texture":"#1"},"west":{"uv":[3,3.1,13,13.1],"rotation":270,"texture":"#1"},"up":{"uv":[3,3.1,13,13.1],"rotation":270,"texture":"#1"},"down":{"uv":[3,3.1,13,13.1],"rotation":270,"texture":"#1"}}},{"from":[22.8,-0.10357,1.49435],"to":[24.5,0.39643,2.84435],"rotation":{"angle":0,"axis":"y","origin":[16.5,-7.60357,14.24435]},"faces":{"north":{"uv":[3,3.1,13,13.1],"rotation":270,"texture":"#1"},"east":{"uv":[3,3.1,13,13.1],"rotation":270,"texture":"#1"},"south":{"uv":[3,3.1,13,13.1],"rotation":270,"texture":"#1"},"west":{"uv":[3,3.1,13,13.1],"rotation":270,"texture":"#1"},"up":{"uv":[3,3.1,13,13.1],"rotation":270,"texture":"#1"},"down":{"uv":[3,3.1,13,13.1],"rotation":270,"texture":"#1"}}},{"from":[22.8,-0.10357,12.49435],"to":[24.5,0.39643,13.84435],"rotation":{"angle":0,"axis":"y","origin":[16.5,-7.60357,25.24435]},"faces":{"north":{"uv":[3,3.1,13,13.1],"rotation":270,"texture":"#1"},"east":{"uv":[3,3.1,13,13.1],"rotation":270,"texture":"#1"},"south":{"uv":[3,3.1,13,13.1],"rotation":270,"texture":"#1"},"west":{"uv":[3,3.1,13,13.1],"rotation":270,"texture":"#1"},"up":{"uv":[3,3.1,13,13.1],"rotation":270,"texture":"#1"},"down":{"uv":[3,3.1,13,13.1],"rotation":270,"texture":"#1"}}},{"from":[22.8,7.15216,1.39836],"to":[24.5,7.65216,5.19836],"rotation":{"angle":22.5,"axis":"x","origin":[16.5,-0.34784,6.59836]},"faces":{"north":{"uv":[3,3.1,13,13.1],"rotation":270,"texture":"#1"},"east":{"uv":[3,3.1,13,13.1],"rotation":270,"texture":"#1"},"south":{"uv":[3,3.1,13,13.1],"rotation":270,"texture":"#1"},"west":{"uv":[3,3.1,13,13.1],"rotation":270,"texture":"#1"},"up":{"uv":[3,3.1,13,13.1],"rotation":270,"texture":"#1"},"down":{"uv":[3,3.1,13,13.1],"rotation":270,"texture":"#1"}}},{"from":[22.8,8.53315,2.05565],"to":[24.5,9.03315,4.85565],"rotation":{"angle":0,"axis":"y","origin":[16.5,1.03315,6.25565]},"faces":{"north":{"uv":[3,3.1,13,13.1],"rotation":270,"texture":"#1"},"east":{"uv":[3,3.1,13,13.1],"rotation":270,"texture":"#1"},"south":{"uv":[3,3.1,13,13.1],"rotation":270,"texture":"#1"},"west":{"uv":[3,3.1,13,13.1],"rotation":270,"texture":"#1"},"up":{"uv":[3,3.1,13,13.1],"rotation":270,"texture":"#1"},"down":{"uv":[3,3.1,13,13.1],"rotation":270,"texture":"#1"}}},{"from":[22.8,3.48273,4.23383],"to":[24.5,5.98273,4.73383],"rotation":{"angle":-22.5,"axis":"x","origin":[16.5,1.78273,-3.26617]},"faces":{"north":{"uv":[3,3.1,13,13.1],"rotation":180,"texture":"#1"},"east":{"uv":[3,3.1,13,13.1],"rotation":180,"texture":"#1"},"south":{"uv":[3,3.1,13,13.1],"rotation":180,"texture":"#1"},"west":{"uv":[3,3.1,13,13.1],"rotation":180,"texture":"#1"},"up":{"uv":[3,3.1,13,13.1],"rotation":180,"texture":"#1"},"down":{"uv":[3,3.1,13,13.1],"rotation":180,"texture":"#1"}}},{"from":[22.8,3.48273,10.66617],"to":[24.5,5.98273,11.16617],"rotation":{"angle":22.5,"axis":"x","origin":[16.5,1.78273,18.66617]},"faces":{"north":{"uv":[3,3.1,13,13.1],"rotation":180,"texture":"#1"},"east":{"uv":[3,3.1,13,13.1],"rotation":180,"texture":"#1"},"south":{"uv":[3,3.1,13,13.1],"rotation":180,"texture":"#1"},"west":{"uv":[3,3.1,13,13.1],"rotation":180,"texture":"#1"},"up":{"uv":[3,3.1,13,13.1],"rotation":180,"texture":"#1"},"down":{"uv":[3,3.1,13,13.1],"rotation":180,"texture":"#1"}}},{"from":[22.8,3.29596,1.97599],"to":[24.5,5.89596,2.47599],"rotation":{"angle":22.5,"axis":"x","origin":[16.5,1.69596,-5.52401]},"faces":{"north":{"uv":[3,3.1,13,13.1],"rotation":180,"texture":"#1"},"east":{"uv":[3,3.1,13,13.1],"rotation":180,"texture":"#1"},"south":{"uv":[3,3.1,13,13.1],"rotation":180,"texture":"#1"},"west":{"uv":[3,3.1,13,13.1],"rotation":180,"texture":"#1"},"up":{"uv":[3,3.1,13,13.1],"rotation":180,"texture":"#1"},"down":{"uv":[3,3.1,13,13.1],"rotation":180,"texture":"#1"}}},{"from":[22.8,0.98467,0.27164],"to":[24.5,1.48467,2.77164],"rotation":{"angle":-22.5,"axis":"x","origin":[16.5,8.98467,-1.42836]},"faces":{"north":{"uv":[3,3.1,13,13.1],"rotation":90,"texture":"#1"},"east":{"uv":[3,3.1,13,13.1],"rotation":90,"texture":"#1"},"south":{"uv":[3,3.1,13,13.1],"rotation":90,"texture":"#1"},"west":{"uv":[3,3.1,13,13.1],"rotation":90,"texture":"#1"},"up":{"uv":[3,3.1,13,13.1],"rotation":90,"texture":"#1"},"down":{"uv":[3,3.1,13,13.1],"rotation":90,"texture":"#1"}}},{"from":[22.8,0.98467,12.62836],"to":[24.5,1.48467,15.12836],"rotation":{"angle":22.5,"axis":"x","origin":[16.5,8.98467,16.82836]},"faces":{"north":{"uv":[3,3.1,13,13.1],"rotation":90,"texture":"#1"},"east":{"uv":[3,3.1,13,13.1],"rotation":90,"texture":"#1"},"south":{"uv":[3,3.1,13,13.1],"rotation":90,"texture":"#1"},"west":{"uv":[3,3.1,13,13.1],"rotation":90,"texture":"#1"},"up":{"uv":[3,3.1,13,13.1],"rotation":90,"texture":"#1"},"down":{"uv":[3,3.1,13,13.1],"rotation":90,"texture":"#1"}}},{"from":[22.8,3.16284,5.32206],"to":[24.5,3.66284,10.07206],"rotation":{"angle":0,"axis":"y","origin":[16.5,11.16284,9.52206]},"faces":{"north":{"uv":[3,3.1,13,13.1],"rotation":90,"texture":"#1"},"east":{"uv":[3,3.1,13,13.1],"rotation":90,"texture":"#1"},"south":{"uv":[3,3.1,13,13.1],"rotation":90,"texture":"#1"},"west":{"uv":[3,3.1,13,13.1],"rotation":90,"texture":"#1"},"up":{"uv":[3,3.1,13,13.1],"rotation":90,"texture":"#1"},"down":{"uv":[3,3.1,13,13.1],"rotation":90,"texture":"#1"}}},{"from":[-10.7,5.76284,7.02206],"to":[0.4,5.96284,8.27206],"rotation":{"angle":22.5,"axis":"z","origin":[-2.7,13.46284,7.72206]},"faces":{"north":{"uv":[3,3.1,13,13.1],"rotation":90,"texture":"#1"},"east":{"uv":[3,3.1,13,13.1],"rotation":90,"texture":"#1"},"south":{"uv":[3,3.1,13,13.1],"rotation":90,"texture":"#1"},"west":{"uv":[3,3.1,13,13.1],"rotation":90,"texture":"#1"},"up":{"uv":[3,3.1,13,13.1],"rotation":90,"texture":"#1"},"down":{"uv":[3,3.1,13,13.1],"rotation":90,"texture":"#1"}}},{"from":[15.6,5.76284,7.02206],"to":[26.7,5.96284,8.27206],"rotation":{"angle":-22.5,"axis":"z","origin":[18.7,13.46284,7.72206]},"faces":{"north":{"uv":[3,3.1,13,13.1],"rotation":270,"texture":"#1"},"east":{"uv":[3,3.1,13,13.1],"rotation":270,"texture":"#1"},"south":{"uv":[3,3.1,13,13.1],"rotation":270,"texture":"#1"},"west":{"uv":[3,3.1,13,13.1],"rotation":270,"texture":"#1"},"up":{"uv":[3,3.1,13,13.1],"rotation":270,"texture":"#1"},"down":{"uv":[3,3.1,13,13.1],"rotation":270,"texture":"#1"}}},{"from":[3.03415,7.52006,7.02206],"to":[13.03415,7.72006,8.27206],"rotation":{"angle":0,"axis":"y","origin":[6.13415,15.22006,7.72206]},"faces":{"north":{"uv":[3,3.1,13,13.1],"rotation":270,"texture":"#1"},"east":{"uv":[3,3.1,13,13.1],"rotation":270,"texture":"#1"},"south":{"uv":[3,3.1,13,13.1],"rotation":270,"texture":"#1"},"west":{"uv":[3,3.1,13,13.1],"rotation":270,"texture":"#1"},"up":{"uv":[3,3.1,13,13.1],"rotation":270,"texture":"#1"},"down":{"uv":[3,3.1,13,13.1],"rotation":270,"texture":"#1"}}},{"from":[23.5,3.36479,5.68797],"to":[24,8.11479,6.18797],"rotation":{"angle":0,"axis":"y","origin":[16,4.91479,13.68797]},"faces":{"north":{"uv":[3,3.1,13,13.1],"texture":"#1"},"east":{"uv":[3,3.1,13,13.1],"texture":"#1"},"south":{"uv":[3,3.1,13,13.1],"texture":"#1"},"west":{"uv":[3,3.1,13,13.1],"texture":"#1"},"up":{"uv":[3,3.1,13,13.1],"texture":"#1"},"down":{"uv":[3,3.1,13,13.1],"texture":"#1"}}},{"from":[23.5,3.36479,8.98797],"to":[24,7.31479,9.48797],"rotation":{"angle":0,"axis":"y","origin":[16,4.91479,16.98797]},"faces":{"north":{"uv":[3,3.1,13,13.1],"texture":"#1"},"east":{"uv":[3,3.1,13,13.1],"texture":"#1"},"south":{"uv":[3,3.1,13,13.1],"texture":"#1"},"west":{"uv":[3,3.1,13,13.1],"texture":"#1"},"up":{"uv":[3,3.1,13,13.1],"texture":"#1"},"down":{"uv":[3,3.1,13,13.1],"texture":"#1"}}},{"from":[23.5,10.56479,5.18797],"to":[24,13.01479,5.68797],"rotation":{"angle":-45,"axis":"x","origin":[16,12.61479,13.18797]},"faces":{"north":{"uv":[3,3.1,13,13.1],"texture":"#1"},"east":{"uv":[3,3.1,13,13.1],"texture":"#1"},"south":{"uv":[3,3.1,13,13.1],"texture":"#1"},"west":{"uv":[3,3.1,13,13.1],"texture":"#1"},"up":{"uv":[3,3.1,13,13.1],"texture":"#1"},"down":{"uv":[3,3.1,13,13.1],"texture":"#1"}}},{"from":[23.5,8.36479,3.78797],"to":[24,10.81479,4.28797],"rotation":{"angle":-45,"axis":"x","origin":[16,10.41479,11.78797]},"faces":{"north":{"uv":[3,3.1,13,13.1],"texture":"#1"},"east":{"uv":[3,3.1,13,13.1],"texture":"#1"},"south":{"uv":[3,3.1,13,13.1],"texture":"#1"},"west":{"uv":[3,3.1,13,13.1],"texture":"#1"},"up":{"uv":[3,3.1,13,13.1],"texture":"#1"},"down":{"uv":[3,3.1,13,13.1],"texture":"#1"}}},{"from":[23.5,1.2621,1.82781],"to":[24,1.7621,4.27781],"rotation":{"angle":-45,"axis":"x","origin":[16,9.2621,2.22781]},"faces":{"north":{"uv":[3,3.1,13,13.1],"rotation":90,"texture":"#1"},"east":{"uv":[3,3.1,13,13.1],"rotation":90,"texture":"#1"},"south":{"uv":[3,3.1,13,13.1],"rotation":90,"texture":"#1"},"west":{"uv":[3,3.1,13,13.1],"rotation":90,"texture":"#1"},"up":{"uv":[3,3.1,13,13.1],"rotation":90,"texture":"#1"},"down":{"uv":[3,3.1,13,13.1],"rotation":90,"texture":"#1"}}},{"from":[23.5,3.4621,0.32781],"to":[24,3.9621,2.77781],"rotation":{"angle":-45,"axis":"x","origin":[16,11.4621,0.72781]},"faces":{"north":{"uv":[3,3.1,13,13.1],"rotation":90,"texture":"#1"},"east":{"uv":[3,3.1,13,13.1],"rotation":90,"texture":"#1"},"south":{"uv":[3,3.1,13,13.1],"rotation":90,"texture":"#1"},"west":{"uv":[3,3.1,13,13.1],"rotation":90,"texture":"#1"},"up":{"uv":[3,3.1,13,13.1],"rotation":90,"texture":"#1"},"down":{"uv":[3,3.1,13,13.1],"rotation":90,"texture":"#1"}}},{"from":[22.8,3.29596,12.92401],"to":[24.5,5.99596,13.42401],"rotation":{"angle":-22.5,"axis":"x","origin":[16.5,1.79596,20.92401]},"faces":{"north":{"uv":[3,3.1,13,13.1],"rotation":180,"texture":"#1"},"east":{"uv":[3,3.1,13,13.1],"rotation":180,"texture":"#1"},"south":{"uv":[3,3.1,13,13.1],"rotation":180,"texture":"#1"},"west":{"uv":[3,3.1,13,13.1],"rotation":180,"texture":"#1"},"up":{"uv":[3,3.1,13,13.1],"rotation":180,"texture":"#1"},"down":{"uv":[3,3.1,13,13.1],"rotation":180,"texture":"#1"}}},{"from":[22.8,2.51479,2.9743],"to":[24.5,6.41479,3.4743],"rotation":{"angle":0,"axis":"y","origin":[16.5,2.21479,-4.5257]},"faces":{"north":{"uv":[3,3.1,13,13.1],"rotation":180,"texture":"#1"},"east":{"uv":[3,3.1,13,13.1],"rotation":180,"texture":"#1"},"south":{"uv":[3,3.1,13,13.1],"rotation":180,"texture":"#1"},"west":{"uv":[3,3.1,13,13.1],"rotation":180,"texture":"#1"},"up":{"uv":[3,3.1,13,13.1],"rotation":180,"texture":"#1"},"down":{"uv":[3,3.1,13,13.1],"rotation":180,"texture":"#1"}}},{"from":[22.8,2.51479,11.9257],"to":[24.5,6.41479,12.4257],"rotation":{"angle":0,"axis":"y","origin":[16.5,2.21479,19.9257]},"faces":{"north":{"uv":[3,3.1,13,13.1],"rotation":180,"texture":"#1"},"east":{"uv":[3,3.1,13,13.1],"rotation":180,"texture":"#1"},"south":{"uv":[3,3.1,13,13.1],"rotation":180,"texture":"#1"},"west":{"uv":[3,3.1,13,13.1],"rotation":180,"texture":"#1"},"up":{"uv":[3,3.1,13,13.1],"rotation":180,"texture":"#1"},"down":{"uv":[3,3.1,13,13.1],"rotation":180,"texture":"#1"}}},{"from":[22.8,11.86624,5.90245],"to":[24.5,12.36624,7.30245],"rotation":{"angle":-45,"axis":"x","origin":[16.5,4.36624,8.70245]},"faces":{"north":{"uv":[3,3.1,13,13.1],"rotation":270,"texture":"#1"},"east":{"uv":[3,3.1,13,13.1],"rotation":270,"texture":"#1"},"south":{"uv":[3,3.1,13,13.1],"rotation":270,"texture":"#1"},"west":{"uv":[3,3.1,13,13.1],"rotation":270,"texture":"#1"},"up":{"uv":[3,3.1,13,13.1],"rotation":270,"texture":"#1"},"down":{"uv":[3,3.1,13,13.1],"rotation":270,"texture":"#1"}}},{"from":[22.8,7.2432,1.0657],"to":[24.5,8.0432,1.5657],"rotation":{"angle":0,"axis":"y","origin":[16.5,9.4432,9.0657]},"faces":{"north":{"uv":[3,3.1,13,13.1],"texture":"#1"},"east":{"uv":[3,3.1,13,13.1],"texture":"#1"},"south":{"uv":[3,3.1,13,13.1],"texture":"#1"},"west":{"uv":[3,3.1,13,13.1],"texture":"#1"},"up":{"uv":[3,3.1,13,13.1],"texture":"#1"},"down":{"uv":[3,3.1,13,13.1],"texture":"#1"}}},{"from":[23.5,6.98501,7.49036],"to":[24,7.48501,7.99036],"rotation":{"angle":-22.5,"axis":"x","origin":[17.25,-0.51499,8.29036]},"faces":{"north":{"uv":[3,3.1,13,13.1],"rotation":270,"texture":"#1"},"east":{"uv":[3,3.1,13,13.1],"rotation":270,"texture":"#1"},"south":{"uv":[3,3.1,13,13.1],"rotation":270,"texture":"#1"},"west":{"uv":[3,3.1,13,13.1],"rotation":270,"texture":"#1"},"up":{"uv":[3,3.1,13,13.1],"rotation":270,"texture":"#1"},"down":{"uv":[3,3.1,13,13.1],"rotation":270,"texture":"#1"}}},{"from":[23.5,6.10796,4.18113],"to":[24,6.60796,4.68113],"rotation":{"angle":0,"axis":"y","origin":[17.25,-1.39204,4.98113]},"faces":{"north":{"uv":[3,3.1,13,13.1],"rotation":270,"texture":"#1"},"east":{"uv":[3,3.1,13,13.1],"rotation":270,"texture":"#1"},"south":{"uv":[3,3.1,13,13.1],"rotation":270,"texture":"#1"},"west":{"uv":[3,3.1,13,13.1],"rotation":270,"texture":"#1"},"up":{"uv":[3,3.1,13,13.1],"rotation":270,"texture":"#1"},"down":{"uv":[3,3.1,13,13.1],"rotation":270,"texture":"#1"}}},{"from":[23.5,6.56405,0.78817],"to":[24,7.06405,1.28817],"rotation":{"angle":22.5,"axis":"x","origin":[17.25,-0.93595,1.58817]},"faces":{"north":{"uv":[3,3.1,13,13.1],"rotation":270,"texture":"#1"},"east":{"uv":[3,3.1,13,13.1],"rotation":270,"texture":"#1"},"south":{"uv":[3,3.1,13,13.1],"rotation":270,"texture":"#1"},"west":{"uv":[3,3.1,13,13.1],"rotation":270,"texture":"#1"},"up":{"uv":[3,3.1,13,13.1],"rotation":270,"texture":"#1"},"down":{"uv":[3,3.1,13,13.1],"rotation":270,"texture":"#1"}}},{"from":[23.5,8.28387,-2.17197],"to":[24,8.78387,-1.67197],"rotation":{"angle":45,"axis":"x","origin":[17.25,0.78387,-1.37197]},"faces":{"north":{"uv":[3,3.1,13,13.1],"rotation":270,"texture":"#1"},"east":{"uv":[3,3.1,13,13.1],"rotation":270,"texture":"#1"},"south":{"uv":[3,3.1,13,13.1],"rotation":270,"texture":"#1"},"west":{"uv":[3,3.1,13,13.1],"rotation":270,"texture":"#1"},"up":{"uv":[3,3.1,13,13.1],"rotation":270,"texture":"#1"},"down":{"uv":[3,3.1,13,13.1],"rotation":270,"texture":"#1"}}},{"from":[23.5,3.80556,4.05135],"to":[24,4.30556,4.55135],"rotation":{"angle":-22.5,"axis":"x","origin":[17.25,3.50556,-3.44865]},"faces":{"north":{"uv":[3,3.1,13,13.1],"rotation":180,"texture":"#1"},"east":{"uv":[3,3.1,13,13.1],"rotation":180,"texture":"#1"},"south":{"uv":[3,3.1,13,13.1],"rotation":180,"texture":"#1"},"west":{"uv":[3,3.1,13,13.1],"rotation":180,"texture":"#1"},"up":{"uv":[3,3.1,13,13.1],"rotation":180,"texture":"#1"},"down":{"uv":[3,3.1,13,13.1],"rotation":180,"texture":"#1"}}},{"from":[23.5,7.11479,3.1743],"to":[24,7.61479,3.6743],"rotation":{"angle":0,"axis":"y","origin":[17.25,6.81479,-4.3257]},"faces":{"north":{"uv":[3,3.1,13,13.1],"rotation":180,"texture":"#1"},"east":{"uv":[3,3.1,13,13.1],"rotation":180,"texture":"#1"},"south":{"uv":[3,3.1,13,13.1],"rotation":180,"texture":"#1"},"west":{"uv":[3,3.1,13,13.1],"rotation":180,"texture":"#1"},"up":{"uv":[3,3.1,13,13.1],"rotation":180,"texture":"#1"},"down":{"uv":[3,3.1,13,13.1],"rotation":180,"texture":"#1"}}},{"from":[23.5,10.50775,3.6304],"to":[24,11.00775,4.1304],"rotation":{"angle":22.5,"axis":"x","origin":[17.25,10.20775,-3.8696]},"faces":{"north":{"uv":[3,3.1,13,13.1],"rotation":180,"texture":"#1"},"east":{"uv":[3,3.1,13,13.1],"rotation":180,"texture":"#1"},"south":{"uv":[3,3.1,13,13.1],"rotation":180,"texture":"#1"},"west":{"uv":[3,3.1,13,13.1],"rotation":180,"texture":"#1"},"up":{"uv":[3,3.1,13,13.1],"rotation":180,"texture":"#1"},"down":{"uv":[3,3.1,13,13.1],"rotation":180,"texture":"#1"}}},{"from":[23.5,13.4679,5.35021],"to":[24,13.9679,5.85021],"rotation":{"angle":45,"axis":"x","origin":[17.25,13.1679,-2.14979]},"faces":{"north":{"uv":[3,3.1,13,13.1],"rotation":180,"texture":"#1"},"east":{"uv":[3,3.1,13,13.1],"rotation":180,"texture":"#1"},"south":{"uv":[3,3.1,13,13.1],"rotation":180,"texture":"#1"},"west":{"uv":[3,3.1,13,13.1],"rotation":180,"texture":"#1"},"up":{"uv":[3,3.1,13,13.1],"rotation":180,"texture":"#1"},"down":{"uv":[3,3.1,13,13.1],"rotation":180,"texture":"#1"}}},{"from":[23.5,7.24458,0.87191],"to":[24,7.74458,1.37191],"rotation":{"angle":-22.5,"axis":"x","origin":[17.25,15.24458,0.57191]},"faces":{"north":{"uv":[3,3.1,13,13.1],"rotation":90,"texture":"#1"},"east":{"uv":[3,3.1,13,13.1],"rotation":90,"texture":"#1"},"south":{"uv":[3,3.1,13,13.1],"rotation":90,"texture":"#1"},"west":{"uv":[3,3.1,13,13.1],"rotation":90,"texture":"#1"},"up":{"uv":[3,3.1,13,13.1],"rotation":90,"texture":"#1"},"down":{"uv":[3,3.1,13,13.1],"rotation":90,"texture":"#1"}}},{"from":[23.5,8.12163,4.18113],"to":[24,8.62163,4.68113],"rotation":{"angle":0,"axis":"y","origin":[17.25,16.12163,3.88113]},"faces":{"north":{"uv":[3,3.1,13,13.1],"rotation":90,"texture":"#1"},"east":{"uv":[3,3.1,13,13.1],"rotation":90,"texture":"#1"},"south":{"uv":[3,3.1,13,13.1],"rotation":90,"texture":"#1"},"west":{"uv":[3,3.1,13,13.1],"rotation":90,"texture":"#1"},"up":{"uv":[3,3.1,13,13.1],"rotation":90,"texture":"#1"},"down":{"uv":[3,3.1,13,13.1],"rotation":90,"texture":"#1"}}},{"from":[23.5,7.66553,7.5741],"to":[24,8.16553,8.0741],"rotation":{"angle":22.5,"axis":"x","origin":[17.25,15.66553,7.2741]},"faces":{"north":{"uv":[3,3.1,13,13.1],"rotation":90,"texture":"#1"},"east":{"uv":[3,3.1,13,13.1],"rotation":90,"texture":"#1"},"south":{"uv":[3,3.1,13,13.1],"rotation":90,"texture":"#1"},"west":{"uv":[3,3.1,13,13.1],"rotation":90,"texture":"#1"},"up":{"uv":[3,3.1,13,13.1],"rotation":90,"texture":"#1"},"down":{"uv":[3,3.1,13,13.1],"rotation":90,"texture":"#1"}}},{"from":[23.5,5.94572,10.53424],"to":[24,6.44572,11.03424],"rotation":{"angle":45,"axis":"x","origin":[17.25,13.94572,10.23424]},"faces":{"north":{"uv":[3,3.1,13,13.1],"rotation":90,"texture":"#1"},"east":{"uv":[3,3.1,13,13.1],"rotation":90,"texture":"#1"},"south":{"uv":[3,3.1,13,13.1],"rotation":90,"texture":"#1"},"west":{"uv":[3,3.1,13,13.1],"rotation":90,"texture":"#1"},"up":{"uv":[3,3.1,13,13.1],"rotation":90,"texture":"#1"},"down":{"uv":[3,3.1,13,13.1],"rotation":90,"texture":"#1"}}},{"from":[23.5,7.11479,5.18797],"to":[24,7.61479,5.68797],"rotation":{"angle":0,"axis":"y","origin":[17.25,7.91479,13.18797]},"faces":{"north":{"uv":[3,3.1,13,13.1],"texture":"#1"},"east":{"uv":[3,3.1,13,13.1],"texture":"#1"},"south":{"uv":[3,3.1,13,13.1],"texture":"#1"},"west":{"uv":[3,3.1,13,13.1],"texture":"#1"},"up":{"uv":[3,3.1,13,13.1],"texture":"#1"},"down":{"uv":[3,3.1,13,13.1],"texture":"#1"}}},{"from":[23.5,3.72183,4.73187],"to":[24,4.22183,5.23187],"rotation":{"angle":22.5,"axis":"x","origin":[17.25,4.52183,12.73187]},"faces":{"north":{"uv":[3,3.1,13,13.1],"texture":"#1"},"east":{"uv":[3,3.1,13,13.1],"texture":"#1"},"south":{"uv":[3,3.1,13,13.1],"texture":"#1"},"west":{"uv":[3,3.1,13,13.1],"texture":"#1"},"up":{"uv":[3,3.1,13,13.1],"texture":"#1"},"down":{"uv":[3,3.1,13,13.1],"texture":"#1"}}},{"from":[23.5,0.76168,3.01206],"to":[24,1.26168,3.51206],"rotation":{"angle":45,"axis":"x","origin":[17.25,1.56168,11.01206]},"faces":{"north":{"uv":[3,3.1,13,13.1],"texture":"#1"},"east":{"uv":[3,3.1,13,13.1],"texture":"#1"},"south":{"uv":[3,3.1,13,13.1],"texture":"#1"},"west":{"uv":[3,3.1,13,13.1],"texture":"#1"},"up":{"uv":[3,3.1,13,13.1],"texture":"#1"},"down":{"uv":[3,3.1,13,13.1],"texture":"#1"}}},{"from":[23.5,10.42402,4.31092],"to":[24,10.92402,4.81092],"rotation":{"angle":-22.5,"axis":"x","origin":[17.25,11.22402,12.31092]},"faces":{"north":{"uv":[3,3.1,13,13.1],"texture":"#1"},"east":{"uv":[3,3.1,13,13.1],"texture":"#1"},"south":{"uv":[3,3.1,13,13.1],"texture":"#1"},"west":{"uv":[3,3.1,13,13.1],"texture":"#1"},"up":{"uv":[3,3.1,13,13.1],"texture":"#1"},"down":{"uv":[3,3.1,13,13.1],"texture":"#1"}}},{"from":[23.5,4.38501,13.79036],"to":[24,4.88501,14.29036],"rotation":{"angle":-22.5,"axis":"x","origin":[17.25,-3.11499,14.59036]},"faces":{"north":{"uv":[3,3.1,13,13.1],"rotation":270,"texture":"#1"},"east":{"uv":[3,3.1,13,13.1],"rotation":270,"texture":"#1"},"south":{"uv":[3,3.1,13,13.1],"rotation":270,"texture":"#1"},"west":{"uv":[3,3.1,13,13.1],"rotation":270,"texture":"#1"},"up":{"uv":[3,3.1,13,13.1],"rotation":270,"texture":"#1"},"down":{"uv":[3,3.1,13,13.1],"rotation":270,"texture":"#1"}}},{"from":[23.5,3.50796,10.48113],"to":[24,4.00796,10.98113],"rotation":{"angle":0,"axis":"y","origin":[17.25,-3.99204,11.28113]},"faces":{"north":{"uv":[3,3.1,13,13.1],"rotation":270,"texture":"#1"},"east":{"uv":[3,3.1,13,13.1],"rotation":270,"texture":"#1"},"south":{"uv":[3,3.1,13,13.1],"rotation":270,"texture":"#1"},"west":{"uv":[3,3.1,13,13.1],"rotation":270,"texture":"#1"},"up":{"uv":[3,3.1,13,13.1],"rotation":270,"texture":"#1"},"down":{"uv":[3,3.1,13,13.1],"rotation":270,"texture":"#1"}}},{"from":[23.5,3.96405,7.08817],"to":[24,4.46405,7.58817],"rotation":{"angle":22.5,"axis":"x","origin":[17.25,-3.53595,7.88817]},"faces":{"north":{"uv":[3,3.1,13,13.1],"rotation":270,"texture":"#1"},"east":{"uv":[3,3.1,13,13.1],"rotation":270,"texture":"#1"},"south":{"uv":[3,3.1,13,13.1],"rotation":270,"texture":"#1"},"west":{"uv":[3,3.1,13,13.1],"rotation":270,"texture":"#1"},"up":{"uv":[3,3.1,13,13.1],"rotation":270,"texture":"#1"},"down":{"uv":[3,3.1,13,13.1],"rotation":270,"texture":"#1"}}},{"from":[23.5,5.68387,4.12803],"to":[24,6.18387,4.62803],"rotation":{"angle":45,"axis":"x","origin":[17.25,-1.81613,4.92803]},"faces":{"north":{"uv":[3,3.1,13,13.1],"rotation":270,"texture":"#1"},"east":{"uv":[3,3.1,13,13.1],"rotation":270,"texture":"#1"},"south":{"uv":[3,3.1,13,13.1],"rotation":270,"texture":"#1"},"west":{"uv":[3,3.1,13,13.1],"rotation":270,"texture":"#1"},"up":{"uv":[3,3.1,13,13.1],"rotation":270,"texture":"#1"},"down":{"uv":[3,3.1,13,13.1],"rotation":270,"texture":"#1"}}},{"from":[23.5,1.20556,10.35135],"to":[24,1.70556,10.85135],"rotation":{"angle":-22.5,"axis":"x","origin":[17.25,0.90556,2.85135]},"faces":{"north":{"uv":[3,3.1,13,13.1],"rotation":180,"texture":"#1"},"east":{"uv":[3,3.1,13,13.1],"rotation":180,"texture":"#1"},"south":{"uv":[3,3.1,13,13.1],"rotation":180,"texture":"#1"},"west":{"uv":[3,3.1,13,13.1],"rotation":180,"texture":"#1"},"up":{"uv":[3,3.1,13,13.1],"rotation":180,"texture":"#1"},"down":{"uv":[3,3.1,13,13.1],"rotation":180,"texture":"#1"}}},{"from":[23.5,4.51479,9.4743],"to":[24,5.01479,9.9743],"rotation":{"angle":0,"axis":"y","origin":[17.25,4.21479,1.9743]},"faces":{"north":{"uv":[3,3.1,13,13.1],"rotation":180,"texture":"#1"},"east":{"uv":[3,3.1,13,13.1],"rotation":180,"texture":"#1"},"south":{"uv":[3,3.1,13,13.1],"rotation":180,"texture":"#1"},"west":{"uv":[3,3.1,13,13.1],"rotation":180,"texture":"#1"},"up":{"uv":[3,3.1,13,13.1],"rotation":180,"texture":"#1"},"down":{"uv":[3,3.1,13,13.1],"rotation":180,"texture":"#1"}}},{"from":[23.5,7.90775,9.9304],"to":[24,8.40775,10.4304],"rotation":{"angle":22.5,"axis":"x","origin":[17.25,7.60775,2.4304]},"faces":{"north":{"uv":[3,3.1,13,13.1],"rotation":180,"texture":"#1"},"east":{"uv":[3,3.1,13,13.1],"rotation":180,"texture":"#1"},"south":{"uv":[3,3.1,13,13.1],"rotation":180,"texture":"#1"},"west":{"uv":[3,3.1,13,13.1],"rotation":180,"texture":"#1"},"up":{"uv":[3,3.1,13,13.1],"rotation":180,"texture":"#1"},"down":{"uv":[3,3.1,13,13.1],"rotation":180,"texture":"#1"}}},{"from":[23.5,10.8679,11.65021],"to":[24,11.3679,12.15021],"rotation":{"angle":45,"axis":"x","origin":[17.25,10.5679,4.15021]},"faces":{"north":{"uv":[3,3.1,13,13.1],"rotation":180,"texture":"#1"},"east":{"uv":[3,3.1,13,13.1],"rotation":180,"texture":"#1"},"south":{"uv":[3,3.1,13,13.1],"rotation":180,"texture":"#1"},"west":{"uv":[3,3.1,13,13.1],"rotation":180,"texture":"#1"},"up":{"uv":[3,3.1,13,13.1],"rotation":180,"texture":"#1"},"down":{"uv":[3,3.1,13,13.1],"rotation":180,"texture":"#1"}}},{"from":[23.5,4.64458,7.17191],"to":[24,5.14458,7.67191],"rotation":{"angle":-22.5,"axis":"x","origin":[17.25,12.64458,6.87191]},"faces":{"north":{"uv":[3,3.1,13,13.1],"rotation":90,"texture":"#1"},"east":{"uv":[3,3.1,13,13.1],"rotation":90,"texture":"#1"},"south":{"uv":[3,3.1,13,13.1],"rotation":90,"texture":"#1"},"west":{"uv":[3,3.1,13,13.1],"rotation":90,"texture":"#1"},"up":{"uv":[3,3.1,13,13.1],"rotation":90,"texture":"#1"},"down":{"uv":[3,3.1,13,13.1],"rotation":90,"texture":"#1"}}},{"from":[23.5,5.52163,10.48113],"to":[24,6.02163,10.98113],"rotation":{"angle":0,"axis":"y","origin":[17.25,13.52163,10.18113]},"faces":{"north":{"uv":[3,3.1,13,13.1],"rotation":90,"texture":"#1"},"east":{"uv":[3,3.1,13,13.1],"rotation":90,"texture":"#1"},"south":{"uv":[3,3.1,13,13.1],"rotation":90,"texture":"#1"},"west":{"uv":[3,3.1,13,13.1],"rotation":90,"texture":"#1"},"up":{"uv":[3,3.1,13,13.1],"rotation":90,"texture":"#1"},"down":{"uv":[3,3.1,13,13.1],"rotation":90,"texture":"#1"}}},{"from":[23.5,5.06553,13.8741],"to":[24,5.56553,14.3741],"rotation":{"angle":22.5,"axis":"x","origin":[17.25,13.06553,13.5741]},"faces":{"north":{"uv":[3,3.1,13,13.1],"rotation":90,"texture":"#1"},"east":{"uv":[3,3.1,13,13.1],"rotation":90,"texture":"#1"},"south":{"uv":[3,3.1,13,13.1],"rotation":90,"texture":"#1"},"west":{"uv":[3,3.1,13,13.1],"rotation":90,"texture":"#1"},"up":{"uv":[3,3.1,13,13.1],"rotation":90,"texture":"#1"},"down":{"uv":[3,3.1,13,13.1],"rotation":90,"texture":"#1"}}},{"from":[23.5,3.34572,16.83424],"to":[24,3.84572,17.33424],"rotation":{"angle":45,"axis":"x","origin":[17.25,11.34572,16.53424]},"faces":{"north":{"uv":[3,3.1,13,13.1],"rotation":90,"texture":"#1"},"east":{"uv":[3,3.1,13,13.1],"rotation":90,"texture":"#1"},"south":{"uv":[3,3.1,13,13.1],"rotation":90,"texture":"#1"},"west":{"uv":[3,3.1,13,13.1],"rotation":90,"texture":"#1"},"up":{"uv":[3,3.1,13,13.1],"rotation":90,"texture":"#1"},"down":{"uv":[3,3.1,13,13.1],"rotation":90,"texture":"#1"}}},{"from":[23.5,4.51479,11.48797],"to":[24,5.01479,11.98797],"rotation":{"angle":0,"axis":"y","origin":[17.25,5.31479,19.48797]},"faces":{"north":{"uv":[3,3.1,13,13.1],"texture":"#1"},"east":{"uv":[3,3.1,13,13.1],"texture":"#1"},"south":{"uv":[3,3.1,13,13.1],"texture":"#1"},"west":{"uv":[3,3.1,13,13.1],"texture":"#1"},"up":{"uv":[3,3.1,13,13.1],"texture":"#1"},"down":{"uv":[3,3.1,13,13.1],"texture":"#1"}}},{"from":[23.5,1.12183,11.03187],"to":[24,1.62183,11.53187],"rotation":{"angle":22.5,"axis":"x","origin":[17.25,1.92183,19.03187]},"faces":{"north":{"uv":[3,3.1,13,13.1],"texture":"#1"},"east":{"uv":[3,3.1,13,13.1],"texture":"#1"},"south":{"uv":[3,3.1,13,13.1],"texture":"#1"},"west":{"uv":[3,3.1,13,13.1],"texture":"#1"},"up":{"uv":[3,3.1,13,13.1],"texture":"#1"},"down":{"uv":[3,3.1,13,13.1],"texture":"#1"}}},{"from":[23.5,-1.83832,9.31206],"to":[24,-1.33832,9.81206],"rotation":{"angle":45,"axis":"x","origin":[17.25,-1.03832,17.31206]},"faces":{"north":{"uv":[3,3.1,13,13.1],"texture":"#1"},"east":{"uv":[3,3.1,13,13.1],"texture":"#1"},"south":{"uv":[3,3.1,13,13.1],"texture":"#1"},"west":{"uv":[3,3.1,13,13.1],"texture":"#1"},"up":{"uv":[3,3.1,13,13.1],"texture":"#1"},"down":{"uv":[3,3.1,13,13.1],"texture":"#1"}}},{"from":[23.5,7.82402,10.61092],"to":[24,8.32402,11.11092],"rotation":{"angle":-22.5,"axis":"x","origin":[17.25,8.62402,18.61092]},"faces":{"north":{"uv":[3,3.1,13,13.1],"texture":"#1"},"east":{"uv":[3,3.1,13,13.1],"texture":"#1"},"south":{"uv":[3,3.1,13,13.1],"texture":"#1"},"west":{"uv":[3,3.1,13,13.1],"texture":"#1"},"up":{"uv":[3,3.1,13,13.1],"texture":"#1"},"down":{"uv":[3,3.1,13,13.1],"texture":"#1"}}}],"display":{"thirdperson_righthand":{"rotation":[65.75,0,0],"translation":[0,-5.75,-4]},"head":{"scale":[1.6,1.6,1.6]}},"groups":[{"name":"group","origin":[8,8,8],"children":[0,1,2,3,4,5,6,7,8,9,10,11,12,13,14,15,16,17,18,19]},{"name":"group","origin":[8,8,8],"children":[20,21,22,23,24,25,26,27,28,29,30,31,32,33,34,35,36,37,38,39,40,41,42,43,44,45,46,47,48,49,50,51,52,53,54,55,56,57,58,59,60,61,62,63,64,65,66,67,68,69,70,71,72,73,74,75,76,77]},{"name":"group","origin":[8,8,8],"children":[78,79,80,81,82,83,84,85,86,87,88,89,90,91,92,93,94,95,96,97,98,99,100,101,102,103,104,105,106,107,108,109,110,111,112,113,114,115,116,117,118,119,120,121,122,123,124,125,126,127,128,129,130,131,132,133,134,135,136,137,138]}]}